District,Province,Year,Broadband Internet Score,Mobile Internet Score,Key Structure Internet Access Score,Accessibility to Hospitals Score,Accessibility to Schools Score,Railway Heatwave Score,Road Heatwave Score,Road Flood Score,Railway Flood Score,Emissions Normalized Score,Air Quality Score,Deforestation Score,Emissions Score,Luminosity per Capita Score,Luminosity per Area Score,Built Area Development Score,Tourism Score,Agricultural Land Score,Infrastructure Score,Livability Score,Prosperity Score,canonical_Province,canonical_District,local_taxes,fees_charges,licences,levies,permits,com_ventures,total_OSR,osr_source_Province,osr_source_District,osr_match_status,osr_match_notes
Chadiza,Eastern,2021,44.0,47.0,32.0,41.0,41.0,53.0,59.0,59.0,51.0,42.0,81.0,57.99999999999999,53.0,9.0,16.0,49.0,45.0,78.0,41.0,57.0,39.4,Eastern,Chadiza,2175468.0,470406.0,1855.0,1489123.0,106473.0,0.0,4243325.0,Eastern,Chadiza,matched,
Chama,Muchiga,2021,44.0,63.0,84.0,41.0,41.0,53.0,59.0,59.0,51.0,55.00000000000001,98.0,8.0,36.0,87.0,33.0,34.0,45.0,27.0,54.6,52.38,45.2,Muchinga,Chama,26788.0,330674.0,6240.0,213866.0,49855.0,0.0,627423.0,Eastern,Chama,matched,OSR province differs from score/admin geography: Eastern -> Muchinga; score province normalized: Muchiga -> Muchinga
Chasefu,Eastern,2021,44.0,51.0,32.0,41.0,41.0,53.0,59.0,59.0,51.0,34.0,94.0,1.0,39.0,25.0,27.0,77.0,45.0,70.0,41.8,48.75,48.8,Eastern,Chasefu,7945.0,723652.0,5730.0,80895.0,2920.0,0.0,821142.0,Eastern,Chasefu,matched,
Chavuma,North-Western,2021,44.0,23.0,32.0,41.0,41.0,53.0,59.0,59.0,51.0,51.0,33.0,43.0,48.0,64.0,1.0,34.0,45.0,33.0,36.2,49.62,35.4,North-Western,Chavuma,62331.0,725004.0,1938.0,191997.0,21129.0,0.0,1002399.0,North Western,Chavuma,matched,province normalized: North Western -> North-Western
Chembe,Luapula,2021,44.0,66.0,32.0,41.0,41.0,53.0,59.0,59.0,51.0,77.0,62.0,64.0,77.0,54.0,50.0,85.0,45.0,22.0,44.8,62.75,51.2,Luapula,Chembe,16361.0,1852890.0,62292.0,462822.0,38048.0,0.0,2432413.0,Luapula,Chembe,matched,
Chibombo,Central,2021,44.0,32.0,32.0,41.0,41.0,53.0,59.0,59.0,51.0,93.0,38.0,71.0,94.0,28.000000000000004,72.0,73.0,45.0,96.0,38.0,64.75,62.8,Central,Chibombo,1968400.0,4876849.0,483910.0,1446782.0,965613.0,121424.0,9862978.0,Central,Chibombo,matched,
Chiengi,Luapula,2021,44.0,15.0,32.0,41.0,41.0,53.0,59.0,59.0,51.0,18.0,57.99999999999999,51.0,22.0,20.0,29.0,31.0,45.0,18.0,34.6,46.38,28.6,Luapula,Chiengi,8888.0,397830.0,11724.0,465483.0,23424.0,223821.0,1131170.0,Luapula,Chiengi,matched,
Chifunabuli,Luapula,2021,44.0,7.000000000000001,32.0,41.0,41.0,53.0,59.0,59.0,51.0,90.0,72.0,83.0,85.0,26.0,6.0,81.0,45.0,17.0,33.0,69.0,35.0,Luapula,Chifunabuli,8005.0,484830.0,92365.0,53263.0,42545.0,0.0,681008.0,Luapula,Chifunabuli,matched,
Chikankanta,Southern,2021,44.0,64.0,84.0,41.0,41.0,53.0,59.0,59.0,51.0,97.0,46.0,62.0,88.0,37.0,57.99999999999999,47.0,45.0,78.0,54.8,64.38,53.0,Southern,Chikankanta,5662404.0,1173124.0,132540.0,690785.0,46971.0,0.0,7705824.0,Southern,Chikankata,matched,district spelling normalized: Chikankata -> Chikankanta
Chilanga,Lusaka,2021,44.0,47.0,32.0,41.0,41.0,53.0,59.0,59.0,51.0,25.0,1.0,36.0,43.0,27.0,96.0,26.0,45.0,75.0,41.0,40.88,53.8,Lusaka,Chilanga,5374221.0,2120860.0,32595.0,635124.0,642487.0,0.0,8805287.0,Lusaka,Chilanga,matched,
Chililabombwe,Copperbelt,2021,44.0,57.99999999999999,32.0,41.0,41.0,53.0,59.0,59.0,51.0,4.0,6.0,81.0,29.0,18.0,92.0,10.0,45.0,9.0,43.2,42.75,34.8,Copperbelt,Chililabombwe,21163342.0,29715561.0,614700.0,8332346.0,3670282.0,0.0,63496231.0,Copperbelt,Chililabombwe Municipal Council,matched,council suffix removed: Chililabombwe Municipal Council -> Chililabombwe
Chilubi,Northern,2021,44.0,99.0,32.0,41.0,41.0,53.0,59.0,59.0,51.0,100.0,74.0,37.0,99.0,47.0,4.0,86.0,45.0,19.0,51.4,66.5,40.2,Northern,Chilubi,16043.0,244659.0,3320.0,68624.0,1300.0,-4589.0,329357.0,Northern ,Chilubi,matched,
Chingola,Copperbelt,2021,44.0,48.0,84.0,41.0,41.0,53.0,59.0,59.0,51.0,7.000000000000001,4.0,62.0,24.0,11.0,90.0,14.000000000000002,45.0,21.0,51.6,39.88,36.2,Copperbelt,Chingola,37386901.0,8159284.0,623999.0,2225284.0,4002407.0,0.0,52397875.0,Copperbelt,Chingola Municipal Council,matched,council suffix removed: Chingola Municipal Council -> Chingola
Chinsali,Muchiga,2021,44.0,43.0,84.0,41.0,41.0,53.0,59.0,59.0,51.0,96.0,94.0,6.0,94.0,48.0,32.0,38.0,45.0,39.0,50.6,64.0,40.4,Muchinga,Chinsali,446613.0,2493252.0,558632.0,25314.0,422295.0,-7870.0,3938236.0,Muchinga,Chinsali Municipal Council,matched,council suffix removed: Chinsali Municipal Council -> Chinsali; score province normalized: Muchiga -> Muchinga
Chipangali,Eastern,2021,44.0,40.0,32.0,41.0,41.0,53.0,59.0,59.0,51.0,66.0,87.0,12.0,71.0,13.0,17.0,63.0,45.0,68.0,39.6,57.25,41.2,Eastern,Chipangali,12005.0,694146.0,32663.0,322149.0,9560.0,162969.0,1233492.0,Eastern,Chipangali,matched,
Chipata,Eastern,2021,44.0,45.0,32.0,41.0,41.0,53.0,59.0,59.0,51.0,29.0,78.0,56.99999999999999,43.0,1.0,87.0,16.0,45.0,78.0,40.6,53.62,45.4,Eastern,Chipata,5997415.0,7579018.0,2303691.0,21395.0,5479613.0,0.0,21381132.0,Eastern,Chipata City Council,matched,council suffix removed: Chipata City Council -> Chipata
Chipili,Luapula,2021,44.0,25.0,84.0,41.0,41.0,53.0,59.0,59.0,51.0,85.0,51.0,25.0,84.0,71.0,18.0,62.0,45.0,5.0,47.0,58.38,40.2,Luapula,Chipili,710.0,692821.0,1537.0,6480.0,250.0,67863.0,769661.0,Luapula,Chipili,matched,
Chirundu,Lusaka,2021,44.0,53.0,84.0,41.0,41.0,53.0,59.0,59.0,51.0,95.0,66.0,85.0,84.0,27.0,71.0,32.0,45.0,59.0,52.6,69.0,46.8,Lusaka,Chirundu,93816.0,7210836.0,91625.0,121641.0,903469.0,0.0,8421387.0,Southern,Chirundu,matched,OSR province differs from score/admin geography: Southern -> Lusaka
Chisamba,Central,2021,44.0,42.0,32.0,41.0,41.0,53.0,59.0,59.0,51.0,94.0,75.0,74.0,91.0,41.0,47.0,33.0,45.0,87.0,40.0,69.5,50.6,Central,Chisamba,108188.0,3656385.0,145204.0,350710.0,53915.0,26789.0,4341191.0,Central,Chisamba,matched,
Chitambo,Central,2021,44.0,93.0,32.0,41.0,41.0,53.0,59.0,59.0,51.0,93.0,87.0,28.000000000000004,95.0,82.0,14.000000000000002,66.0,45.0,49.0,50.2,65.62,51.2,Central,Chitambo,6220.0,746222.0,70041.0,164527.0,11109.0,-42966.0,955153.0,Central,Chitambo,matched,
Choma,Southern,2021,44.0,43.0,32.0,41.0,41.0,53.0,59.0,59.0,51.0,83.0,37.0,25.0,83.0,22.0,51.0,7.000000000000001,45.0,85.0,40.2,56.25,42.0,Southern,Choma,3681206.0,4736165.0,570707.0,1645754.0,1020323.0,0.0,11654155.0,Southern,Choma Municipal Council,matched,council suffix removed: Choma Municipal Council -> Choma
Chongwe,Lusaka,2021,89.0,51.0,65.0,41.0,41.0,53.0,59.0,59.0,51.0,44.0,18.0,64.0,49.0,30.0,95.0,37.0,45.0,76.0,57.4,49.62,56.6,Lusaka,Chongwe,4056495.0,14305398.0,350200.0,5056550.0,1437409.0,169801.0,25375853.0,Lusaka,Chongwe Municipal Council,matched,council suffix removed: Chongwe Municipal Council -> Chongwe
Gwembe,Southern,2021,44.0,7.000000000000001,32.0,41.0,41.0,53.0,59.0,59.0,51.0,95.0,63.0,52.0,90.0,55.00000000000001,34.0,14.000000000000002,45.0,50.0,33.0,65.25,39.6,Southern,Gwembe,56545.0,343577.0,8850.0,543518.0,28600.0,138146.0,1119236.0,Southern,Gwembe,matched,
Ikelenge,North-Western,2021,44.0,26.0,32.0,41.0,41.0,53.0,59.0,59.0,51.0,43.0,11.0,33.0,49.0,53.0,16.0,35.0,45.0,13.0,36.8,44.75,32.4,North-Western,Ikelenge,8468.0,230775.0,19864.0,234047.0,1950.0,0.0,495104.0,North Western,Ikelenge,matched,province normalized: North Western -> North-Western
Isoka,Muchiga,2021,44.0,27.0,84.0,41.0,41.0,53.0,59.0,59.0,51.0,32.0,96.0,3.0,31.0,50.0,26.0,21.0,45.0,22.0,47.4,48.0,32.8,Muchinga,Isoka,283906.0,1729881.0,4840.0,217678.0,403701.0,311782.0,2951788.0,Muchinga,Isoka,matched,score province normalized: Muchiga -> Muchinga
Itezhi-Tezhi,Central,2021,44.0,46.0,32.0,41.0,41.0,53.0,59.0,59.0,51.0,98.0,40.0,66.0,100.0,92.0,50.0,6.0,45.0,83.0,40.8,65.75,55.2,Central,Itezhi-Tezhi,1964130.0,1060822.0,216354.0,245769.0,99128.0,0.0,3586203.0,Central,Itezhi-tezhi,matched,score district normalized: Itezhi-Tezhi -> Itezhi-tezhi
Kabompo,North-Western,2021,44.0,56.99999999999999,84.0,41.0,41.0,53.0,59.0,59.0,51.0,97.0,42.0,49.0,95.0,76.0,9.0,35.0,45.0,21.0,53.4,63.12,37.2,North-Western,Kabompo,17727.0,571786.0,8342.0,1029422.0,56647.0,0.0,1683924.0,North Western,Kabompo,matched,province normalized: North Western -> North-Western
Kabwe,Central,2021,91.0,42.0,32.0,41.0,41.0,53.0,59.0,59.0,51.0,91.0,39.0,40.0,82.0,10.0,92.0,13.0,45.0,65.0,49.4,59.25,45.0,Central,Kabwe,9468195.0,6437159.0,535814.0,1640874.0,5261632.0,0.0,23343674.0,Central,Kabwe Municipal Council,matched,council suffix removed: Kabwe Municipal Council -> Kabwe
Kafue,Lusaka,2021,91.0,61.0,65.0,41.0,41.0,53.0,59.0,59.0,51.0,98.0,33.0,84.0,96.0,43.0,88.0,36.0,45.0,63.0,59.8,66.62,55.0,Lusaka,Kafue,2478096.0,13624286.0,32595.0,1615577.0,1561551.0,0.0,19312105.0,Lusaka,Kafue,matched,
Kalabo,Western,2021,44.0,95.0,32.0,41.0,41.0,53.0,59.0,59.0,51.0,95.0,33.0,53.0,96.0,67.0,4.0,21.0,45.0,83.0,50.6,62.38,44.0,Western,Kalabo,28325.0,273039.0,10154.0,199333.0,46604.0,503718.0,1061173.0,Western,Kalabo,matched,
Kalomo,Southern,2021,44.0,67.0,32.0,41.0,41.0,53.0,59.0,59.0,51.0,57.99999999999999,55.00000000000001,49.0,51.0,36.0,37.0,5.0,45.0,99.0,45.0,54.38,44.4,Southern,Kalomo,333044.0,3115465.0,30410.0,503910.0,202873.0,0.0,4185702.0,Southern,Kalomo,matched,
Kalulushi,Copperbelt,2021,44.0,36.0,32.0,41.0,41.0,53.0,59.0,59.0,51.0,47.0,3.0,46.0,62.0,17.0,95.0,28.000000000000004,45.0,8.0,38.8,47.5,38.6,Copperbelt,Kalulushi,53232598.0,6398169.0,1059413.0,236124.0,966139.0,65793.0,61958236.0,Copperbelt,Kalulushi Municipal Council,matched,council suffix removed: Kalulushi Municipal Council -> Kalulushi
Kalumbila,North-Western,2021,96.0,74.0,32.0,41.0,41.0,53.0,59.0,59.0,51.0,26.0,29.0,54.0,8.0,78.0,51.0,88.0,45.0,15.0,56.8,42.38,55.4,North-Western,Kalumbila,63788543.0,2265012.0,195485.0,1014232.0,293370.0,0.0,67556642.0,North Western,Kalumbila,matched,province normalized: North Western -> North-Western
Kanchibiya,Muchiga,2021,44.0,7.000000000000001,32.0,41.0,41.0,53.0,59.0,59.0,51.0,62.0,85.0,52.0,56.00000000000001,76.0,36.0,91.0,45.0,56.00000000000001,33.0,59.62,60.8,Muchinga,Kanchibiya,3766.0,520275.0,2308.0,13226.0,13619.0,0.0,553194.0,Muchinga,Kanchibiya,matched,score province normalized: Muchiga -> Muchinga
Kaoma,Western,2021,44.0,55.00000000000001,32.0,41.0,41.0,53.0,59.0,59.0,51.0,61.0,37.0,54.0,54.0,59.0,17.0,11.0,45.0,39.0,42.6,53.5,34.2,Western,Kaoma,61536.0,1332377.0,85907.0,633717.0,345570.0,0.0,2459107.0,Western,Kaoma,matched,
Kapiri Mposhi,Central,2021,44.0,35.0,32.0,41.0,41.0,53.0,59.0,59.0,51.0,88.0,70.0,75.0,91.0,31.0,34.0,19.0,45.0,96.0,38.6,68.25,45.0,Central,Kapiri Mposhi,4631118.0,5088765.0,76054.0,1940092.0,305488.0,1957225.0,13998742.0,Central,Kapiri Mposhi,matched,
Kaputa,Northern,2021,44.0,18.0,84.0,41.0,41.0,53.0,59.0,59.0,51.0,18.0,63.0,21.0,17.0,56.99999999999999,41.0,18.0,45.0,21.0,45.6,42.62,36.4,Northern,Kaputa,20561.0,560471.0,500.0,114693.0,79270.0,37470.0,812965.0,Northern ,Kaputa,matched,
Kasama,Northern,2021,44.0,30.0,32.0,41.0,41.0,53.0,59.0,59.0,51.0,51.0,72.0,28.000000000000004,37.0,40.0,49.0,32.0,45.0,34.0,37.6,51.25,40.0,Northern,Kasama,2224769.0,7472580.0,317739.0,1621714.0,818911.0,0.0,12455713.0,Northern,Kasama Municipal Council,matched,council suffix removed: Kasama Municipal Council -> Kasama
Kasempa,North-Western,2021,44.0,45.0,32.0,41.0,41.0,53.0,59.0,59.0,51.0,36.0,62.0,48.0,10.0,97.0,28.000000000000004,56.99999999999999,45.0,47.0,40.6,47.25,54.8,North-Western,Kasempa,546374.0,1117019.0,9150.0,346785.0,85172.0,0.0,2104500.0,North Western,Kasempa,matched,province normalized: North Western -> North-Western
Kasenengwa,Eastern,2021,44.0,59.0,32.0,41.0,41.0,53.0,59.0,59.0,51.0,25.0,85.0,44.0,38.0,6.0,13.0,89.0,45.0,79.0,43.4,51.75,46.4,Eastern,Kasenengwa,5108.0,449937.0,12255.0,212643.0,51887.0,0.0,731830.0,Eastern,Kasenengwa,matched,
Katete,Eastern,2021,44.0,37.0,32.0,41.0,41.0,53.0,59.0,59.0,51.0,48.0,86.0,80.0,53.0,7.000000000000001,40.0,46.0,45.0,88.0,39.0,61.12,45.2,Eastern,Katete,332498.0,1913879.0,31105.0,441642.0,248923.0,61852.0,3029899.0,Eastern,Katete,matched,
Kawambwa,Luapula,2021,44.0,25.0,32.0,41.0,41.0,53.0,59.0,59.0,51.0,33.0,55.00000000000001,57.99999999999999,22.0,66.0,52.0,55.00000000000001,45.0,23.0,36.6,48.75,48.2,Luapula,Kawambwa,361756.0,2273865.0,183126.0,6072.0,159128.0,8527.0,2992474.0,Luapula,Kawambwa,matched,
Kazungula,Southern,2021,44.0,56.99999999999999,84.0,41.0,41.0,53.0,59.0,59.0,51.0,76.0,43.0,87.0,81.0,80.0,29.0,21.0,45.0,95.0,53.4,63.62,54.0,Southern,Kazungula,337208.0,9295822.0,32850.0,558034.0,144723.0,-97507.0,10271130.0,Southern,Kazungula,matched,
Kitwe,Copperbelt,2021,90.0,33.0,68.0,41.0,41.0,53.0,59.0,59.0,51.0,6.0,2.0,60.0,34.0,3.0,99.0,2.0,45.0,16.0,54.6,40.5,33.0,Copperbelt,Kitwe,50033282.0,53015172.0,1165666.0,2734090.0,11401812.0,0.0,118350022.0,Copperbelt,Kitwe City Council,matched,council suffix removed: Kitwe City Council -> Kitwe
Lavushimanda,Muchiga,2021,44.0,26.0,84.0,41.0,41.0,53.0,59.0,59.0,51.0,97.0,87.0,35.0,99.0,99.0,25.0,86.0,45.0,41.0,47.2,67.5,59.2,Muchinga,Lavushimanda,2120.0,220392.0,1945.0,20809.0,27545.0,0.0,272811.0,Muchinga,Lavushimanda,matched,score province normalized: Muchiga -> Muchinga
Limulunga,Western,2021,44.0,7.000000000000001,32.0,41.0,41.0,53.0,59.0,59.0,51.0,96.0,32.0,80.0,91.0,59.0,6.0,3.0,45.0,50.0,33.0,65.12,32.6,Western,Limulunga,17810.0,127636.0,14485.0,211816.0,70635.0,0.0,442382.0,Western,Limulunga,matched,
Livingstone,Southern,2021,44.0,56.00000000000001,32.0,41.0,41.0,53.0,59.0,59.0,51.0,14.000000000000002,11.0,95.0,45.0,6.0,94.0,2.0,45.0,23.0,42.8,48.38,34.0,Southern,Livingstone,19698199.0,6416477.0,555645.0,4565020.0,3592758.0,0.0,34828099.0,Southern,Livingstone City Council,matched,council suffix removed: Livingstone City Council -> Livingstone
Luampa,Western,2021,44.0,97.0,32.0,41.0,41.0,53.0,59.0,59.0,51.0,81.0,34.0,50.0,85.0,94.0,7.000000000000001,67.0,45.0,22.0,51.0,59.0,47.0,Western,Luampa,11553.0,275714.0,23895.0,252470.0,0.0,0.0,563632.0,Western,Luampa,matched,
Luangwa,Lusaka,2021,44.0,53.0,84.0,41.0,41.0,53.0,59.0,59.0,51.0,99.0,93.0,62.0,97.0,83.0,42.0,40.0,45.0,29.0,52.6,71.62,47.8,Lusaka,Luangwa,131955.0,1004192.0,172121.0,1106179.0,76921.0,0.0,2491368.0,Lusaka,Luangwa,matched,
Luano,Central,2021,44.0,32.0,32.0,41.0,41.0,53.0,59.0,59.0,51.0,98.0,83.0,73.0,98.0,83.0,13.0,60.0,45.0,64.0,38.0,71.75,53.0,Central,Luano,961107.0,2692838.0,16548.0,76167.0,26644.0,20716.0,3794020.0,Central,Luano,matched,
Luanshya,Copperbelt,2021,44.0,82.0,32.0,41.0,41.0,53.0,59.0,59.0,51.0,19.0,6.0,29.0,44.0,6.0,92.0,3.0,45.0,7.000000000000001,48.0,40.0,30.6,Copperbelt,Luanshya,26450594.0,6629701.0,961082.0,68878.0,1743173.0,92581.0,35946009.0,Copperbelt,Luanshya Municipal Council,matched,council suffix removed: Luanshya Municipal Council -> Luanshya
Lufwanyama,Copperbelt,2021,44.0,48.0,84.0,41.0,41.0,53.0,59.0,59.0,51.0,21.0,18.0,56.00000000000001,9.0,71.0,35.0,85.0,45.0,29.0,51.6,40.75,53.0,Copperbelt,Lufwanyama,7162197.0,3219565.0,156431.0,520623.0,162129.0,0.0,11220945.0,Copperbelt,Lufwanyama,matched,
Lukulu,Western,2021,44.0,7.000000000000001,84.0,41.0,41.0,53.0,59.0,59.0,51.0,88.0,39.0,54.0,91.0,71.0,5.0,15.0,45.0,57.99999999999999,43.4,61.75,38.8,Western,Lukulu,5985.0,469135.0,7044.0,962315.0,13480.0,0.0,1457959.0,Western,Lukulu,matched,
Lumezi,Eastern,2021,44.0,71.0,32.0,41.0,41.0,53.0,59.0,59.0,51.0,50.0,90.0,8.0,36.0,62.0,27.0,66.0,45.0,74.0,45.8,50.75,54.8,Eastern,Lumezi,6565.0,493973.0,2360.0,122321.0,9879.0,0.0,635098.0,Eastern,Lumezi,matched,
Lundazi,Eastern,2021,44.0,19.0,32.0,41.0,41.0,53.0,59.0,59.0,51.0,37.0,92.0,2.0,51.0,2.0,55.00000000000001,33.0,45.0,86.0,35.4,50.5,44.2,Eastern,Lundazi,171443.0,2321242.0,21277.0,444253.0,342432.0,84410.0,3385057.0,Eastern,Lundazi,matched,
Lunga,Luapula,2021,44.0,7.000000000000001,84.0,41.0,41.0,53.0,59.0,59.0,51.0,100.0,78.0,88.0,100.0,73.0,7.000000000000001,84.0,45.0,4.0,43.4,73.5,42.6,Luapula,Lunga,2100.0,139735.0,0.0,53877.0,0.0,0.0,195712.0,Luapula,Lunga,matched,
Lunte,Northern,2021,44.0,7.000000000000001,84.0,41.0,41.0,53.0,59.0,59.0,51.0,46.0,68.0,72.0,35.0,72.0,21.0,92.0,45.0,8.0,43.4,55.38,47.6,Northern,Lunte,3500.0,135057.0,4800.0,2200.0,1150.0,16545.0,163252.0,Northern ,Lunte,matched,
Lupososhi,Northern,2021,44.0,7.000000000000001,84.0,41.0,41.0,53.0,59.0,59.0,51.0,94.0,62.0,64.0,89.0,51.0,16.0,97.0,45.0,3.0,43.4,66.38,42.4,Northern,Lupososhi,1005.0,689269.0,901.0,20955.0,4688.0,0.0,716818.0,Northern ,Lupososhi,matched,
Lusaka,Lusaka,2021,92.0,42.0,63.0,41.0,41.0,53.0,59.0,59.0,51.0,1.0,1.0,87.0,23.0,4.0,100.0,0.0,45.0,34.0,55.8,41.75,36.6,Lusaka,Lusaka,87638102.0,77102688.0,3392653.0,45380698.0,25475099.0,3230000.0,242219240.0,Lusaka,Lusaka City Council,matched,council suffix removed: Lusaka City Council -> Lusaka
Lusangazi,Eastern,2021,44.0,16.0,32.0,41.0,41.0,53.0,59.0,59.0,51.0,74.0,87.0,23.0,74.0,39.0,37.0,83.0,45.0,49.0,34.8,60.0,50.6,Eastern,Lusangazi,6530.0,1691405.0,32595.0,119249.0,33074.0,0.0,1882853.0,Eastern,Lusangazi,matched,
Luwingu,Northern,2021,44.0,99.0,32.0,41.0,41.0,53.0,59.0,59.0,51.0,89.0,66.0,70.0,87.0,53.0,21.0,49.0,45.0,11.0,51.4,66.75,35.8,Northern,Luwingu,261698.0,376701.0,28598.0,140829.0,94494.0,29693.0,932013.0,Northern ,Luwingu,matched,
Mafinga,Muchiga,2021,44.0,88.0,32.0,41.0,41.0,53.0,59.0,59.0,51.0,23.0,95.0,14.000000000000002,26.0,46.0,25.0,18.0,45.0,38.0,49.2,47.5,34.4,Muchinga,Mafinga,5820.0,446369.0,1490.0,72359.0,28050.0,0.0,554088.0,Muchinga,Mafinga,matched,score province normalized: Muchiga -> Muchinga
Mambwe,Eastern,2021,44.0,52.0,32.0,41.0,41.0,53.0,59.0,59.0,51.0,71.0,83.0,15.0,69.0,53.0,24.0,78.0,45.0,46.0,42.0,57.5,49.2,Eastern,Mambwe,998302.0,501202.0,15168.0,300285.0,50052.0,116235.0,1981244.0,Eastern,Mambwe,matched,
Mansa,Luapula,2021,44.0,56.00000000000001,32.0,41.0,41.0,53.0,59.0,59.0,51.0,78.0,60.0,72.0,81.0,33.0,69.0,22.0,45.0,10.0,42.8,64.12,35.8,Luapula,Mansa,1548604.0,5570778.0,148524.0,1628523.0,1431466.0,228429.0,10556324.0,Luapula,Mansa Municipal Council,matched,council suffix removed: Mansa Municipal Council -> Mansa
Manyinga,North-Western,2021,44.0,7.000000000000001,32.0,41.0,41.0,53.0,59.0,59.0,51.0,88.0,43.0,45.0,89.0,73.0,11.0,71.0,45.0,20.0,33.0,60.88,44.0,North-Western,Manyinga,13617.0,492300.84,4196.0,1440334.0,1775.0,0.0,1952222.84,North Western,Manyinga,matched,province normalized: North Western -> North-Western
Masaiti,Copperbelt,2021,44.0,46.0,32.0,41.0,41.0,53.0,59.0,59.0,51.0,40.0,30.0,32.0,40.0,28.000000000000004,72.0,33.0,45.0,34.0,40.8,45.5,42.4,Copperbelt,Masaiti,4777724.0,532492.0,1840.0,770858.0,236815.0,-13464.0,6306265.0,Copperbelt,Masaiti,matched,
Mazabuka,Southern,2021,89.0,68.0,32.0,41.0,41.0,53.0,59.0,59.0,51.0,100.0,27.0,5.0,100.0,26.0,81.0,11.0,45.0,92.0,54.2,56.75,51.0,Southern,Mazabuka,11267865.0,3647692.0,763084.0,303515.0,1085331.0,1993.0,17069480.0,Southern,Mazabuka Municipal Council,matched,council suffix removed: Mazabuka Municipal Council -> Mazabuka
Mbala,Northern,2021,44.0,35.0,32.0,41.0,41.0,53.0,59.0,59.0,51.0,37.0,75.0,28.000000000000004,39.0,26.0,52.0,48.0,45.0,43.0,38.6,50.12,42.8,Northern,Mbala,442447.0,1658230.0,68617.0,387703.0,320972.0,0.0,2877969.0,Northern,Mbala Municipal Council,matched,council suffix removed: Mbala Municipal Council -> Mbala
Milengi,Luapula,2021,44.0,7.000000000000001,84.0,41.0,41.0,53.0,59.0,59.0,51.0,45.0,71.0,21.0,38.0,83.0,49.0,94.0,45.0,1.0,43.4,49.62,54.4,Luapula,Milengi,11026.0,389302.0,21715.0,15040.0,900.0,71722.0,509705.0,Luapula,Milenge,matched,district spelling normalized: Milenge -> Milengi
Mitete,Western,2021,44.0,7.000000000000001,84.0,41.0,41.0,53.0,59.0,59.0,51.0,87.0,37.0,68.0,87.0,91.0,2.0,76.0,45.0,46.0,43.4,62.62,52.0,Western,Mitete,6075.0,60676.0,400.0,2000.0,2843.0,360169.0,432163.0,Western,Mitete,matched,
Mkushi,Central,2021,44.0,34.0,32.0,41.0,41.0,53.0,59.0,59.0,51.0,92.0,80.0,71.0,93.0,46.0,15.0,34.0,45.0,91.0,38.4,69.75,46.2,Central,Mkushi,1147806.0,1346510.0,24180.0,4629278.0,465435.0,-5253.0,7607956.0,Central,Mkushi,matched,
Mongu,Western,2021,44.0,32.0,32.0,41.0,41.0,53.0,59.0,59.0,51.0,90.0,31.0,73.0,89.0,33.0,15.0,4.0,45.0,55.00000000000001,38.0,63.12,30.4,Western,Mongu,1511538.0,5031260.0,1383820.0,1950323.0,947313.0,918.0,10825172.0,Western,Mongu Municipal Council,matched,council suffix removed: Mongu Municipal Council -> Mongu
Monze,Southern,2021,44.0,67.0,32.0,41.0,41.0,53.0,59.0,59.0,51.0,92.0,40.0,49.0,88.0,18.0,43.0,8.0,45.0,88.0,45.0,61.38,40.4,Southern,Monze,1118737.0,2606724.0,243934.0,1039662.0,325328.0,95967.0,5430352.0,Southern,Monze,matched,
Mpika,Muchiga,2021,44.0,31.0,32.0,41.0,41.0,53.0,59.0,59.0,51.0,89.0,91.0,32.0,97.0,86.0,42.0,8.0,45.0,65.0,37.8,66.38,49.2,Muchinga,Mpika,439571.0,2486311.0,58592.0,1067803.0,777655.0,0.0,4829932.0,Muchinga,Mpika,matched,score province normalized: Muchiga -> Muchinga
Mpongwe,Copperbelt,2021,44.0,42.0,32.0,41.0,41.0,53.0,59.0,59.0,51.0,19.0,56.99999999999999,60.0,11.0,61.0,35.0,51.0,45.0,87.0,40.0,46.12,55.8,Copperbelt,Mpongwe,226181.0,1011185.0,41770.0,3346455.0,142335.0,0.0,4767926.0,Copperbelt,Mpongwe,matched,
Mporokoso,Northern,2021,44.0,22.0,84.0,41.0,41.0,53.0,59.0,59.0,51.0,24.0,67.0,67.0,27.0,63.0,38.0,44.0,45.0,1.0,46.4,50.88,38.2,Northern,Mporokoso,40030.0,733037.0,126590.0,0.0,57922.0,0.0,957579.0,Northern ,Mporokoso,matched,
Mpulungu,Northern,2021,44.0,22.0,84.0,41.0,41.0,53.0,59.0,59.0,51.0,24.0,75.0,41.0,12.0,63.0,37.0,5.0,45.0,30.0,46.4,46.75,36.0,Northern,Mpulungu,1176432.0,936341.0,364997.0,393430.0,0.0,0.0,2871200.0,Northern ,Mpulungu,matched,
Mufulira,Copperbelt,2021,44.0,78.0,32.0,41.0,41.0,53.0,59.0,59.0,51.0,27.0,5.0,61.0,45.0,12.0,89.0,4.0,45.0,23.0,47.2,45.0,34.6,Copperbelt,Mufulira,28851372.0,7788650.0,1186338.0,0.0,1902645.0,556686.0,40285691.0,Copperbelt,Mufulira Municipal Council,matched,council suffix removed: Mufulira Municipal Council -> Mufulira
Mufumbwe,North-Western,2021,44.0,24.0,32.0,41.0,41.0,53.0,59.0,59.0,51.0,86.0,53.0,48.0,94.0,97.0,25.0,52.0,45.0,48.0,36.4,62.88,53.4,North-Western,Mufumbwe,1078463.0,67945.0,0.0,0.0,0.0,-2596.0,1143812.0,North Western,Mufumbwe,matched,province normalized: North Western -> North-Western
Mulobezi,Western,2021,44.0,7.000000000000001,84.0,41.0,41.0,53.0,59.0,59.0,51.0,76.0,39.0,53.0,79.0,99.0,5.0,14.000000000000002,45.0,32.0,43.4,58.62,39.0,Western,Mulobezi,6985.0,358055.0,9420.0,283017.0,34110.0,0.0,691587.0,Western,Mulobezi,matched,
Mumbwa,Central,2021,44.0,29.0,32.0,41.0,41.0,53.0,59.0,59.0,51.0,96.0,43.0,67.0,99.0,65.0,57.99999999999999,15.0,45.0,92.0,37.4,65.88,55.0,Central,Mumbwa,1805169.0,4086126.0,25825.0,1326151.0,288501.0,-41.0,7531731.0,Central,Mumbwa,matched,
Mungwi,Northern,2021,44.0,95.0,32.0,41.0,41.0,53.0,59.0,59.0,51.0,83.0,84.0,56.00000000000001,87.0,49.0,23.0,57.99999999999999,45.0,49.0,50.6,66.5,44.8,Northern,Mungwi,85213.0,914548.0,114648.0,52877.0,37671.0,412.0,1205369.0,Northern ,Mungwi,matched,
Mushindano,North-Western,2021,44.0,7.000000000000001,84.0,41.0,41.0,53.0,59.0,59.0,51.0,42.0,16.0,53.0,28.000000000000004,93.0,19.0,95.0,45.0,8.0,43.4,45.12,52.0,North-Western,Mushindano,568.0,3060005.0,61839.0,50600.0,22846.0,0.0,3195858.0,North Western,Mushindamo,matched,province normalized: North Western -> North-Western; district spelling normalized: Mushindamo -> Mushindano
Mwandi,Western,2021,44.0,22.0,84.0,41.0,41.0,53.0,59.0,59.0,51.0,55.00000000000001,35.0,66.0,52.0,92.0,8.0,10.0,45.0,41.0,46.4,53.75,39.2,Western,Mwandi,15073.0,261835.0,10450.0,248846.0,1420.0,0.0,537624.0,Western,Mwandi,matched,
Mwansabombwe,Luapula,2021,44.0,76.0,84.0,41.0,41.0,53.0,59.0,59.0,51.0,22.0,54.0,87.0,42.0,23.0,56.00000000000001,32.0,45.0,6.0,57.2,53.38,32.4,Luapula,Mwansabombwe,13263.0,514594.0,0.0,87591.0,61682.0,0.0,677130.0,Luapula,Mwansabombwe,matched,
Mwense,Luapula,2021,44.0,7.000000000000001,32.0,41.0,41.0,53.0,59.0,59.0,51.0,35.0,53.0,31.0,42.0,28.000000000000004,69.0,28.000000000000004,45.0,12.0,33.0,47.88,36.4,Luapula,Mwense,1336772.0,986200.0,9408.0,188558.0,71857.0,-35918.0,2556877.0,Luapula,Mwense,matched,
Mwinilunga,North-Western,2021,44.0,31.0,32.0,41.0,41.0,53.0,59.0,59.0,51.0,42.0,22.0,43.0,17.0,86.0,7.000000000000001,78.0,45.0,19.0,37.8,43.25,47.0,North-Western,Mwinilunga,622310.0,845501.0,92355.0,860536.0,122613.0,27286.0,2570601.0,North Western,Mwinilunga,matched,province normalized: North Western -> North-Western
Nakonde,Muchiga,2021,44.0,50.0,32.0,41.0,41.0,53.0,59.0,59.0,51.0,51.0,96.0,39.0,46.0,34.0,55.00000000000001,1.0,45.0,52.0,41.6,56.75,37.4,Muchinga,Nakonde,37831.0,15317680.0,36348.0,994552.0,281251.0,872074.0,17539736.0,Muchinga,Nakonde,matched,score province normalized: Muchiga -> Muchinga
Nalolo,Western,2021,44.0,7.000000000000001,84.0,41.0,41.0,53.0,59.0,59.0,51.0,97.0,33.0,63.0,94.0,57.99999999999999,2.0,12.0,45.0,56.00000000000001,43.4,63.62,34.6,Western,Nalolo,150870.0,133699.0,1250.0,29142.0,100.0,0.0,315061.0,Western,Nalolo,matched,
Namwala,Southern,2021,44.0,7.000000000000001,84.0,41.0,41.0,53.0,59.0,59.0,51.0,98.0,38.0,50.0,98.0,38.0,26.0,8.0,45.0,91.0,43.4,63.25,41.6,Southern,Namwala,12840.0,1399607.0,80750.0,1143104.0,170841.0,-2610.0,2804532.0,Southern,Namwala,matched,
Nchelenge,Luapula,2021,44.0,72.0,32.0,41.0,41.0,53.0,59.0,59.0,51.0,24.0,48.0,72.0,28.000000000000004,20.0,52.0,49.0,45.0,13.0,46.0,49.25,35.8,Luapula,Nchelenge,32730.0,929662.0,11255.0,439067.0,31895.0,0.0,1444609.0,Luapula,Nchelenge,matched,
Ndola,Copperbelt,2021,92.0,34.0,67.0,41.0,41.0,53.0,59.0,59.0,51.0,2.0,4.0,12.0,26.0,5.0,98.0,2.0,45.0,31.0,55.0,33.25,36.2,Copperbelt,Ndola,25258618.0,36141276.0,5046902.0,0.0,15103230.0,63275.0,81613301.0,Copperbelt,Ndola City Coucil,matched,council suffix removed: Ndola City Coucil -> Ndola
Ngabwe,Central,2021,44.0,7.000000000000001,32.0,41.0,41.0,53.0,59.0,59.0,51.0,97.0,57.99999999999999,56.99999999999999,97.0,95.0,13.0,75.0,45.0,56.00000000000001,33.0,66.38,56.8,Central,Ngabwe,4905.0,88539.0,71822.0,319982.0,200.0,0.0,485448.0,Central,NgabweTown Council,matched,council suffix removed: NgabweTown Council -> Ngabwe
Nkeyema,Western,2021,44.0,49.0,84.0,41.0,41.0,53.0,59.0,59.0,51.0,49.0,35.0,71.0,48.0,40.0,23.0,45.0,45.0,50.0,51.8,53.12,40.6,Western,Nkeyema,16041.0,158498.0,9900.0,1061441.0,29493.0,0.0,1275373.0,Western,Nkeyema,matched,
Nsama,Northern,2021,44.0,14.000000000000002,32.0,41.0,41.0,53.0,59.0,59.0,51.0,14.000000000000002,73.0,7.000000000000001,9.0,86.0,64.0,49.0,45.0,23.0,34.4,40.62,53.4,Northern,Nsama,7175.0,388725.0,2194.0,427103.0,2250.0,0.0,827447.0,Northern ,Nsama,matched,
Nyimba,Eastern,2021,44.0,63.0,32.0,41.0,41.0,53.0,59.0,59.0,51.0,98.0,82.0,19.0,99.0,68.0,33.0,59.0,45.0,75.0,44.2,65.0,56.0,Eastern,Nyimba,1092752.0,2036789.0,2036789.0,25470.0,961779.0,4935777.0,11089356.0,Eastern,NyimbaTown Council,matched,council suffix removed: NyimbaTown Council -> Nyimba
Pemba,Southern,2021,44.0,44.0,32.0,41.0,41.0,53.0,59.0,59.0,51.0,81.0,45.0,74.0,78.0,18.0,9.0,25.0,45.0,61.0,40.4,62.5,31.6,Southern,Pemba,4048.0,315028.0,27925.0,226430.0,2100.0,5471.0,581002.0,Southern,Pemba,matched,
Petauke,Eastern,2021,44.0,60.0,32.0,41.0,41.0,53.0,59.0,59.0,51.0,91.0,94.0,61.0,86.0,7.000000000000001,13.0,37.0,45.0,93.0,43.6,69.25,39.0,Eastern,Petauke,881303.0,2939380.0,8412.0,677271.0,772869.0,-366102.0,4913133.0,Eastern,Petauke,matched,
Rufunsa,Lusaka,2021,44.0,30.0,84.0,41.0,41.0,53.0,59.0,59.0,51.0,99.0,89.0,66.0,99.0,85.0,36.0,56.99999999999999,45.0,31.0,48.0,71.88,50.8,Lusaka,Rufunsa,23766.0,905220.0,59339.0,268985.0,91858.0,0.0,1349168.0,Lusaka,Rufunsa,matched,
Samfya,Luapula,2021,44.0,16.0,84.0,41.0,41.0,53.0,59.0,59.0,51.0,99.0,75.0,55.00000000000001,97.0,21.0,9.0,26.0,45.0,40.0,45.2,68.5,28.2,Luapula,Samfya,207499.0,1067739.0,38069.0,591960.0,365576.0,-17182.0,2253661.0,Luapula,Samfya,matched,
Senanga,Western,2021,44.0,34.0,84.0,41.0,41.0,53.0,59.0,59.0,51.0,75.0,36.0,69.0,76.0,71.0,3.0,6.0,45.0,42.0,48.8,59.75,33.4,Western,Senanga,436049.0,791310.0,262271.0,92914.0,151245.0,249877.0,1983666.0,Western,Senanga,matched,
Senga Hill,Northern,2021,44.0,46.0,84.0,41.0,41.0,53.0,59.0,59.0,51.0,39.0,79.0,66.0,34.0,46.0,22.0,62.0,45.0,33.0,51.2,55.0,41.6,Northern,Senga Hill,18450.0,507893.0,33729.0,90.0,2811.0,0.0,562973.0,Northern ,Senga Hill,matched,
Serenje,Central,2021,44.0,51.0,32.0,41.0,41.0,53.0,59.0,59.0,51.0,95.0,85.0,48.0,97.0,64.0,17.0,38.0,45.0,63.0,41.8,68.38,45.4,Central,Serenje,461269.0,5056602.0,146412.0,579575.0,680815.0,52301.0,6976974.0,Central,Serenje,matched,
Sesheke,Western,2021,44.0,56.99999999999999,32.0,41.0,41.0,53.0,59.0,59.0,51.0,47.0,28.000000000000004,76.0,30.0,93.0,23.0,7.000000000000001,45.0,47.0,43.0,50.38,43.0,Western,Sesheke,101702.0,3039860.0,70430.0,796357.0,137710.0,33050.0,4179109.0,Western,Sesheke,matched,
Shangombo,Western,2021,44.0,39.0,32.0,41.0,41.0,53.0,59.0,59.0,51.0,84.0,28.000000000000004,29.0,86.0,81.0,9.0,55.00000000000001,45.0,55.00000000000001,39.4,56.12,49.0,Western,Shangombo,11270.0,501521.0,4216.0,342295.0,4300.0,0.0,863602.0,Western,Shangombo,matched,
Shibuyunji,Central,2021,44.0,13.0,32.0,41.0,41.0,53.0,59.0,59.0,51.0,99.0,7.000000000000001,86.0,96.0,18.0,43.0,27.0,45.0,70.0,34.2,63.75,40.6,Central,Shibuyunji,4188500.0,1521773.0,26494.0,268850.0,98826.0,0.0,6104443.0,Central,Shibuyunji,matched,
Shiwang'Andu,Muchiga,2021,44.0,24.0,32.0,41.0,41.0,53.0,59.0,59.0,51.0,68.0,91.0,21.0,62.0,86.0,41.0,42.0,45.0,20.0,36.4,58.0,46.8,Muchinga,Shiwang'Andu,25682.0,1009549.0,6385.0,58072.0,25570.0,0.0,1125258.0,Muchinga,Shiwang'andu,matched,score province normalized: Muchiga -> Muchinga; score district normalized: Shiwang'Andu -> Shiwang'andu
Siavonga,Southern,2021,91.0,44.0,84.0,41.0,41.0,53.0,59.0,59.0,51.0,15.0,64.0,83.0,27.0,49.0,72.0,2.0,45.0,44.0,60.2,51.38,42.4,Southern,Siavonga,6479147.0,773658.0,71825.0,2458577.0,237180.0,184255.0,10204642.0,Southern,Siavonga,matched,
Sikongo,Western,2021,44.0,7.000000000000001,84.0,41.0,41.0,53.0,59.0,59.0,51.0,93.0,32.0,37.0,94.0,79.0,3.0,33.0,45.0,54.0,43.4,59.75,42.8,Western,Sikongo,6373.0,341268.0,2582.0,82757.0,300.0,0.0,433280.0,Western,Sikongo,matched,
Sinazongwe,Southern,2021,44.0,33.0,32.0,41.0,41.0,53.0,59.0,59.0,51.0,93.0,29.0,56.99999999999999,89.0,37.0,45.0,7.000000000000001,45.0,62.0,38.2,61.25,39.2,Southern,Sinazongwe,5191794.0,1538794.0,4006334.0,291000.0,598000.0,0.0,11625922.0,Southern,Sinazongwe,matched,
Sinda,Eastern,2021,44.0,98.0,32.0,41.0,41.0,53.0,59.0,59.0,51.0,43.0,90.0,82.0,46.0,4.0,11.0,61.0,45.0,89.0,51.2,60.38,42.0,Eastern,Sinda,35466.0,1120069.0,15168.0,300285.0,50052.0,116236.0,1637276.0,Eastern,Sinda,matched,
Sioma,Western,2021,44.0,56.99999999999999,32.0,41.0,41.0,53.0,59.0,59.0,51.0,51.0,26.0,40.0,39.0,75.0,7.000000000000001,35.0,45.0,69.0,43.0,47.25,46.2,Western,Sioma,10343.0,117940.0,1200.0,77241.0,10800.0,0.0,217524.0,Western,Sioma,matched,
Solwezi,North-Western,2021,44.0,37.0,32.0,41.0,41.0,53.0,59.0,59.0,51.0,4.0,13.0,66.0,10.0,27.0,89.0,81.0,45.0,9.0,39.0,39.38,50.2,North-Western,Solwezi,68903133.0,29321398.0,369339.0,2124937.0,1927478.0,-5319.0,102640966.0,North Western,Solwezi Municipal Council,matched,province normalized: North Western -> North-Western; council suffix removed: Solwezi Municipal Council -> Solwezi
Vubwi,Eastern,2021,44.0,32.0,32.0,41.0,41.0,53.0,59.0,59.0,51.0,47.0,71.0,36.0,65.0,16.0,22.0,86.0,45.0,50.0,38.0,55.12,43.8,Eastern,Vubwi,12045.0,548498.0,8660.0,83435.0,2440.0,0.0,655078.0,Eastern,Vubwi,matched,
Zambezi,North-Western,2021,44.0,52.0,32.0,41.0,41.0,53.0,59.0,59.0,51.0,83.0,37.0,52.0,87.0,81.0,2.0,13.0,45.0,44.0,42.0,60.12,37.0,North-Western,Zambezi,2090.0,541199.0,1472.0,795496.0,290300.0,10149.0,1640706.0,North Western,Zambezi,matched,province normalized: North Western -> North-Western
Zimba,Southern,2021,44.0,80.0,32.0,41.0,41.0,53.0,59.0,59.0,51.0,82.0,42.0,26.0,83.0,54.0,20.0,17.0,45.0,79.0,47.6,56.88,43.0,Southern,Zimba,74247.0,1311684.0,26736.0,414549.0,81898.0,137659.0,2046773.0,Southern,Zimba,matched,
Chadiza,Eastern,2022,44.0,85.0,32.0,41.0,41.0,53.0,59.0,59.0,51.0,77.0,92.0,68.0,76.0,13.0,56.99999999999999,50.0,45.0,80.0,48.6,66.88,49.0,Eastern,Chadiza,145188.0,621475.0,18810.0,2280243.0,148670.0,0.0,3214386.0,Eastern,Chadiza,matched,
Chama,Muchiga,2022,44.0,22.0,84.0,41.0,41.0,53.0,59.0,59.0,51.0,26.0,100.0,8.0,6.0,83.0,19.0,47.0,45.0,39.0,46.4,45.25,46.6,Muchinga,Chama,26788.0,330674.0,6240.0,213866.0,49855.0,0.0,627423.0,Eastern,Chama,matched,OSR province differs from score/admin geography: Eastern -> Muchinga; score province normalized: Muchiga -> Muchinga
Chasefu,Eastern,2022,44.0,96.0,32.0,41.0,41.0,53.0,59.0,59.0,51.0,82.0,99.0,2.0,81.0,23.0,22.0,63.0,45.0,71.0,50.8,60.75,44.8,Eastern,Chasefu,4707.0,331491.0,2590.0,180841.0,3375.0,0.0,523004.0,Eastern,Chasefu,matched,
Chavuma,North-Western,2022,44.0,19.0,32.0,41.0,41.0,53.0,59.0,59.0,51.0,84.0,35.0,12.0,83.0,59.0,0.0,38.0,45.0,41.0,35.4,54.5,36.6,North-Western,Chavuma,731610.0,689454.0,4703.0,438161.0,21592.0,0.0,1885520.0,North Western,Chavuma,matched,province normalized: North Western -> North-Western
Chembe,Luapula,2022,44.0,21.0,32.0,41.0,41.0,53.0,59.0,59.0,51.0,31.0,71.0,47.0,41.0,44.0,8.0,90.0,45.0,23.0,35.8,51.5,42.0,Luapula,Chembe,21008.0,2671553.0,19564.0,443386.0,87333.0,0.0,3242844.0,Luapula,Chembe,matched,
Chibombo,Central,2022,90.0,30.0,64.0,41.0,41.0,53.0,59.0,59.0,51.0,30.0,45.0,69.0,19.0,29.0,78.0,86.0,45.0,98.0,53.2,48.12,67.2,Central,Chibombo,1287819.0,5310536.0,562436.0,1681556.0,1122306.0,8720.0,9973373.0,Central,Chibombo,matched,
Chiengi,Luapula,2022,44.0,17.0,32.0,41.0,41.0,53.0,59.0,59.0,51.0,92.0,68.0,33.0,87.0,14.000000000000002,3.0,42.0,45.0,11.0,35.0,62.75,23.0,Luapula,Chiengi,7878.0,282260.0,0.0,351182.0,1207.0,-78428.0,564099.0,Luapula,Chiengi,matched,
Chifunabuli,Luapula,2022,44.0,7.000000000000001,32.0,41.0,41.0,53.0,59.0,59.0,51.0,24.0,84.0,64.0,31.0,20.0,0.0,90.0,45.0,26.0,33.0,53.12,36.2,Luapula,Chifunabuli,11025.0,855744.0,70354.0,72551.0,55745.0,0.0,1065419.0,Luapula,Chifunabuli,matched,
Chikankanta,Southern,2022,44.0,76.0,84.0,41.0,41.0,53.0,59.0,59.0,51.0,28.000000000000004,52.0,39.0,35.0,39.0,71.0,60.0,45.0,77.0,57.2,47.0,58.4,Southern,Chikankanta,4601019.0,972245.0,213090.0,607715.0,34432.0,0.0,6428501.0,Southern,Chikankata,matched,district spelling normalized: Chikankata -> Chikankanta
Chilanga,Lusaka,2022,44.0,73.0,32.0,41.0,41.0,53.0,59.0,59.0,51.0,55.00000000000001,2.0,2.0,68.0,30.0,97.0,34.0,45.0,77.0,46.2,43.62,56.6,Lusaka,Chilanga,5460090.0,1455344.0,2316457.0,2647468.0,1057967.0,0.0,12937326.0,Lusaka,Chilanga,matched,
Chililabombwe,Copperbelt,2022,90.0,82.0,32.0,41.0,41.0,53.0,59.0,59.0,51.0,39.0,7.000000000000001,30.0,56.00000000000001,16.0,92.0,25.0,45.0,9.0,57.2,44.25,37.4,Copperbelt,Chililabombwe,27980208.0,29186099.0,932560.0,12348859.0,3841029.0,0.0,74288755.0,Copperbelt,Chililabombwe Municipal Council,matched,council suffix removed: Chililabombwe Municipal Council -> Chililabombwe
Chilubi,Northern,2022,44.0,93.0,32.0,41.0,41.0,53.0,59.0,59.0,51.0,2.0,88.0,34.0,4.0,46.0,6.0,92.0,45.0,44.0,50.2,43.75,46.6,Northern,Chilubi,16283.0,391420.0,4135.0,103330.0,5967.0,2270.0,523405.0,Northern ,Chilubi,matched,
Chingola,Copperbelt,2022,44.0,86.0,84.0,41.0,41.0,53.0,59.0,59.0,51.0,85.0,4.0,37.0,81.0,10.0,91.0,16.0,45.0,24.0,59.2,53.62,37.2,Copperbelt,Chingola,50224626.0,27725826.0,689003.0,2196772.0,3944561.0,0.0,84780788.0,Copperbelt,Chingola Municipal Council,matched,council suffix removed: Chingola Municipal Council -> Chingola
Chinsali,Muchiga,2022,44.0,72.0,84.0,41.0,41.0,53.0,59.0,59.0,51.0,22.0,99.0,11.0,17.0,44.0,13.0,31.0,45.0,36.0,56.4,46.38,33.8,Muchinga,Chinsali,575048.0,3835709.0,76175.0,566176.0,442898.0,76124.0,5572130.0,Muchinga,Chinsali Municipal Council,matched,council suffix removed: Chinsali Municipal Council -> Chinsali; score province normalized: Muchiga -> Muchinga
Chipangali,Eastern,2022,44.0,41.0,32.0,41.0,41.0,53.0,59.0,59.0,51.0,52.0,95.0,11.0,56.99999999999999,14.000000000000002,32.0,83.0,45.0,76.0,39.8,54.62,50.0,Eastern,Chipangali,14730.0,470925.0,11520.0,462051.0,9070.0,162284.0,1130580.0,Eastern,Chipangali,matched,
Chipata,Eastern,2022,44.0,53.0,32.0,41.0,41.0,53.0,59.0,59.0,51.0,56.99999999999999,84.0,54.0,67.0,2.0,88.0,21.0,45.0,79.0,42.2,60.5,47.0,Eastern,Chipata,7119277.0,8530531.0,3014744.0,0.0,5841596.0,23922.0,24530070.0,Eastern,Chipata City Council,matched,council suffix removed: Chipata City Council -> Chipata
Chipili,Luapula,2022,44.0,7.000000000000001,84.0,41.0,41.0,53.0,59.0,59.0,51.0,82.0,66.0,17.0,82.0,71.0,25.0,70.0,45.0,5.0,43.4,58.62,43.2,Luapula,Chipili,5055.0,693942.0,5954.0,7000.0,1470.0,0.0,713421.0,Luapula,Chipili,matched,
Chirundu,Lusaka,2022,44.0,33.0,84.0,41.0,41.0,53.0,59.0,59.0,51.0,83.0,70.0,54.0,78.0,31.0,84.0,59.0,45.0,56.99999999999999,48.6,63.38,55.2,Lusaka,Chirundu,695694.0,8638097.0,183360.0,140638.0,1164859.0,0.0,10822648.0,Southern,Chirundu,matched,OSR province differs from score/admin geography: Southern -> Lusaka
Chisamba,Central,2022,44.0,30.0,32.0,41.0,41.0,53.0,59.0,59.0,51.0,26.0,81.0,82.0,23.0,44.0,70.0,42.0,45.0,89.0,37.6,54.25,58.0,Central,Chisamba,284231.0,1787901.0,152739.0,416121.0,191087.0,-4299.0,2827780.0,Central,Chisamba,matched,
Chitambo,Central,2022,44.0,30.0,32.0,41.0,41.0,53.0,59.0,59.0,51.0,32.0,97.0,17.0,15.0,81.0,18.0,71.0,45.0,51.0,37.6,47.88,53.2,Central,Chitambo,3540.0,1080232.0,66093.0,128760.0,14219.0,0.0,1292844.0,Central,Chitambo,matched,
Choma,Southern,2022,44.0,64.0,32.0,41.0,41.0,53.0,59.0,59.0,51.0,78.0,45.0,3.0,79.0,22.0,56.99999999999999,10.0,45.0,84.0,44.4,53.38,43.6,Southern,Choma,4160452.0,5587660.0,295742.0,2233686.0,1272621.0,403541.0,13953702.0,Southern,Choma Municipal Council,matched,council suffix removed: Choma Municipal Council -> Choma
Chongwe,Lusaka,2022,89.0,57.99999999999999,66.0,41.0,41.0,53.0,59.0,59.0,51.0,44.0,23.0,26.0,48.0,32.0,96.0,59.0,45.0,76.0,59.0,45.38,61.6,Lusaka,Chongwe,7954140.0,10840823.0,713648.0,7538203.0,2584661.0,241526.0,29873001.0,Lusaka,Chongwe Municipal Council,matched,council suffix removed: Chongwe Municipal Council -> Chongwe
Gwembe,Southern,2022,44.0,19.0,32.0,41.0,41.0,53.0,59.0,59.0,51.0,29.0,65.0,24.0,31.0,55.00000000000001,45.0,26.0,45.0,53.0,35.4,46.38,44.8,Southern,Gwembe,74319.0,1065977.0,5600.0,559949.0,17900.0,45445.0,1769190.0,Southern,Gwembe,matched,
Ikelenge,North-Western,2022,44.0,27.0,32.0,41.0,41.0,53.0,59.0,59.0,51.0,99.0,17.0,34.0,95.0,45.0,1.0,29.0,45.0,17.0,37.0,58.38,27.4,North-Western,Ikelenge,9702.0,389427.0,36108.0,110086.0,3215.0,0.0,548538.0,North Western,Ikelenge,matched,province normalized: North Western -> North-Western
Isoka,Muchiga,2022,44.0,54.0,84.0,41.0,41.0,53.0,59.0,59.0,51.0,40.0,99.0,5.0,35.0,42.0,3.0,55.00000000000001,45.0,33.0,52.8,50.12,35.6,Muchinga,Isoka,230032.0,2937610.0,15237.0,467220.0,443580.0,270025.0,4363704.0,Muchinga,Isoka,matched,score province normalized: Muchiga -> Muchinga
Itezhi-Tezhi,Central,2022,44.0,36.0,32.0,41.0,41.0,53.0,59.0,59.0,51.0,48.0,60.0,33.0,27.0,92.0,54.0,9.0,45.0,80.0,38.8,48.75,56.0,Central,Itezhi-Tezhi,2117616.0,1026711.0,627359.0,317064.0,445793.0,0.0,4534543.0,Central,Itezhi-tezhi,matched,score district normalized: Itezhi-Tezhi -> Itezhi-tezhi
Kabompo,North-Western,2022,44.0,90.0,84.0,41.0,41.0,53.0,59.0,59.0,51.0,37.0,56.00000000000001,42.0,29.0,76.0,14.000000000000002,43.0,45.0,19.0,60.0,48.25,39.4,North-Western,Kabompo,16158.0,1004289.0,5587.0,1218153.0,73062.0,0.0,2317249.0,North Western,Kabompo,matched,province normalized: North Western -> North-Western
Kabwe,Central,2022,92.0,57.99999999999999,84.0,41.0,41.0,53.0,59.0,59.0,51.0,16.0,48.0,63.0,35.0,8.0,92.0,4.0,45.0,69.0,63.2,48.0,43.6,Central,Kabwe,7433033.0,12529054.0,733955.0,1714710.0,5603827.0,2871469.0,30886048.0,Central,Kabwe Municipal Council,matched,council suffix removed: Kabwe Municipal Council -> Kabwe
Kafue,Lusaka,2022,44.0,33.0,32.0,41.0,41.0,53.0,59.0,59.0,51.0,14.000000000000002,36.0,57.99999999999999,15.0,46.0,89.0,55.00000000000001,45.0,64.0,38.2,43.12,59.8,Lusaka,Kafue,3862322.0,7025722.0,3265733.0,834810.0,2159327.0,0.0,17147914.0,Lusaka,Kafue,matched,
Kalabo,Western,2022,44.0,48.0,32.0,41.0,41.0,53.0,59.0,59.0,51.0,41.0,40.0,11.0,28.000000000000004,66.0,4.0,31.0,45.0,86.0,41.2,42.75,46.4,Western,Kalabo,3914.0,245879.0,14841.0,170181.0,65666.0,545331.0,1045812.0,Western,Kalabo,matched,
Kalomo,Southern,2022,44.0,66.0,32.0,41.0,41.0,53.0,59.0,59.0,51.0,84.0,66.0,0.0,86.0,33.0,27.0,12.0,45.0,98.0,44.8,57.25,43.0,Southern,Kalomo,277397.0,4473862.0,15639.0,512380.0,182674.0,34187.0,5496139.0,Southern,Kalomo,matched,
Kalulushi,Copperbelt,2022,44.0,43.0,32.0,41.0,41.0,53.0,59.0,59.0,51.0,51.0,2.0,23.0,67.0,15.0,94.0,23.0,45.0,7.000000000000001,40.2,45.62,36.8,Copperbelt,Kalulushi,86561058.0,4794913.0,1248977.0,1057879.0,320000.0,0.0,93982827.0,Copperbelt,Kalulushi Municipal Council,matched,council suffix removed: Kalulushi Municipal Council -> Kalulushi
Kalumbila,North-Western,2022,44.0,53.0,32.0,41.0,41.0,53.0,59.0,59.0,51.0,96.0,36.0,45.0,98.0,75.0,46.0,82.0,45.0,16.0,42.2,62.12,52.8,North-Western,Kalumbila,63030844.0,2321053.0,11960.0,948319.0,880521.0,0.0,67192697.0,North Western,Kalumbila,matched,province normalized: North Western -> North-Western
Kanchibiya,Muchiga,2022,44.0,26.0,32.0,41.0,41.0,53.0,59.0,59.0,51.0,54.0,97.0,29.0,44.0,70.0,12.0,98.0,45.0,69.0,36.8,55.75,58.8,Muchinga,Kanchibiya,11367.0,451964.0,0.0,6055.0,41892.0,0.0,511278.0,Muchinga,Kanchibiya,matched,score province normalized: Muchiga -> Muchinga
Kaoma,Western,2022,44.0,47.0,32.0,41.0,41.0,53.0,59.0,59.0,51.0,87.0,49.0,41.0,89.0,59.0,19.0,20.0,45.0,42.0,41.0,61.0,37.0,Western,Kaoma,51948.0,1683066.0,147000.0,1206218.0,167750.0,0.0,3255982.0,Western,Kaoma,matched,
Kapiri Mposhi,Central,2022,44.0,60.0,32.0,41.0,41.0,53.0,59.0,59.0,51.0,38.0,78.0,78.0,24.0,33.0,53.0,16.0,45.0,97.0,43.6,55.0,48.8,Central,Kapiri Mposhi,3518891.0,7969858.0,223245.0,1940092.0,555058.0,45646.0,14252790.0,Central,Kapiri Mposhi,matched,
Kaputa,Northern,2022,44.0,15.0,84.0,41.0,41.0,53.0,59.0,59.0,51.0,98.0,72.0,17.0,96.0,52.0,11.0,23.0,45.0,22.0,45.0,63.12,30.6,Northern,Kaputa,23435.0,578996.0,1445.0,140707.0,23438.0,-39033.0,728988.0,Northern ,Kaputa,matched,
Kasama,Northern,2022,44.0,35.0,32.0,41.0,41.0,53.0,59.0,59.0,51.0,53.0,88.0,16.0,40.0,38.0,37.0,37.0,45.0,39.0,38.6,52.38,39.2,Northern,Kasama,2767019.0,4837678.0,202918.0,1697161.0,1454403.0,0.0,10959179.0,Northern,Kasama Municipal Council,matched,council suffix removed: Kasama Municipal Council -> Kasama
Kasempa,North-Western,2022,44.0,81.0,32.0,41.0,41.0,53.0,59.0,59.0,51.0,91.0,70.0,43.0,98.0,96.0,12.0,42.0,45.0,41.0,47.8,65.5,47.2,North-Western,Kasempa,479937.0,2376043.0,29290.0,433962.0,51210.0,525910.0,3896352.0,North Western,Kasempa,matched,province normalized: North Western -> North-Western
Kasenengwa,Eastern,2022,44.0,79.0,32.0,41.0,41.0,53.0,59.0,59.0,51.0,46.0,93.0,43.0,53.0,9.0,40.0,91.0,45.0,81.0,47.4,57.12,53.2,Eastern,Kasenengwa,5745.0,682931.0,15900.0,260104.0,16832.0,0.0,981512.0,Eastern,Kasenengwa,matched,
Katete,Eastern,2022,44.0,47.0,32.0,41.0,41.0,53.0,59.0,59.0,51.0,47.0,95.0,96.0,52.0,8.0,61.0,40.0,45.0,91.0,41.0,64.0,49.0,Eastern,Katete,614441.0,1588400.0,159122.0,443329.0,468337.0,74808.0,3348437.0,Eastern,Katete,matched,
Kawambwa,Luapula,2022,44.0,38.0,32.0,41.0,41.0,53.0,59.0,59.0,51.0,95.0,68.0,53.0,95.0,59.0,16.0,64.0,45.0,24.0,39.2,66.62,41.6,Luapula,Kawambwa,468732.0,2471781.0,243628.0,25441.0,332169.0,30123.0,3571874.0,Luapula,Kawambwa,matched,
Kazungula,Southern,2022,44.0,62.0,84.0,41.0,41.0,53.0,59.0,59.0,51.0,92.0,59.0,19.0,98.0,79.0,29.0,39.0,45.0,92.0,54.4,61.25,56.8,Southern,Kazungula,601042.0,13673071.0,52650.0,650028.0,217153.0,35875.0,15229819.0,Southern,Kazungula,matched,
Kitwe,Copperbelt,2022,91.0,59.0,68.0,41.0,41.0,53.0,59.0,59.0,51.0,16.0,2.0,30.0,44.0,2.0,99.0,2.0,45.0,16.0,60.0,39.25,32.8,Copperbelt,Kitwe,56764070.0,34184243.0,1311152.0,3211282.0,14036276.0,0.0,109507023.0,Copperbelt,Kitwe City Council,matched,council suffix removed: Kitwe City Council -> Kitwe
Lavushimanda,Muchiga,2022,44.0,78.0,84.0,41.0,41.0,53.0,59.0,59.0,51.0,22.0,97.0,27.0,7.000000000000001,98.0,16.0,89.0,45.0,46.0,57.6,46.88,58.8,Muchinga,Lavushimanda,3975.0,450914.0,0.0,41222.0,81515.0,0.0,577626.0,Muchinga,Lavushimanda,matched,score province normalized: Muchiga -> Muchinga
Limulunga,Western,2022,44.0,52.0,32.0,41.0,41.0,53.0,59.0,59.0,51.0,38.0,39.0,31.0,37.0,59.0,11.0,9.0,45.0,63.0,42.0,45.88,37.4,Western,Limulunga,16394.0,168986.0,19890.0,313685.0,23740.0,1790.0,544485.0,Western,Limulunga,matched,
Livingstone,Southern,2022,91.0,52.0,84.0,41.0,41.0,53.0,59.0,59.0,51.0,91.0,16.0,19.0,80.0,6.0,94.0,3.0,45.0,24.0,61.8,53.5,34.4,Southern,Livingstone,27794731.0,8138144.0,721580.0,5791640.0,4248788.0,0.0,46694883.0,Southern,Livingstone City Council,matched,council suffix removed: Livingstone City Council -> Livingstone
Luampa,Western,2022,44.0,41.0,32.0,41.0,41.0,53.0,59.0,59.0,51.0,77.0,52.0,39.0,79.0,94.0,12.0,84.0,45.0,28.000000000000004,39.8,58.62,52.6,Western,Luampa,11893.0,270369.0,60056.0,226602.0,4913.0,0.0,573833.0,Western,Luampa,matched,
Luangwa,Lusaka,2022,44.0,24.0,84.0,41.0,41.0,53.0,59.0,59.0,51.0,9.0,95.0,68.0,14.000000000000002,83.0,48.0,60.0,45.0,32.0,46.8,51.0,53.6,Lusaka,Luangwa,129256.0,1182422.0,256579.0,1719553.0,89645.0,55624.0,3433079.0,Lusaka,Luangwa,matched,
Luano,Central,2022,44.0,14.000000000000002,32.0,41.0,41.0,53.0,59.0,59.0,51.0,21.0,91.0,75.0,11.0,90.0,51.0,67.0,45.0,67.0,34.4,52.5,64.0,Central,Luano,1011235.0,597976.0,1844.0,56659.0,24390.0,45353.0,1737457.0,Central,Luano,matched,
Luanshya,Copperbelt,2022,44.0,68.0,32.0,41.0,41.0,53.0,59.0,59.0,51.0,39.0,6.0,46.0,57.99999999999999,3.0,90.0,1.0,45.0,12.0,45.2,46.38,30.2,Copperbelt,Luanshya,34482706.0,7112284.0,1251553.0,125342.0,1414820.0,-284.0,44386421.0,Copperbelt,Luanshya Municipal Council,matched,council suffix removed: Luanshya Municipal Council -> Luanshya
Lufwanyama,Copperbelt,2022,44.0,89.0,84.0,41.0,41.0,53.0,59.0,59.0,51.0,85.0,17.0,46.0,88.0,68.0,27.0,74.0,45.0,35.0,59.8,57.25,49.8,Copperbelt,Lufwanyama,4133817.0,3134942.0,168421.0,800171.0,281155.0,0.0,8518506.0,Copperbelt,Lufwanyama,matched,
Lukulu,Western,2022,44.0,31.0,84.0,41.0,41.0,53.0,59.0,59.0,51.0,87.0,50.0,37.0,90.0,72.0,12.0,34.0,45.0,53.0,48.2,60.75,43.2,Western,Lukulu,14813.0,678251.0,7846.0,544680.0,10100.0,0.0,1255690.0,Western,Lukulu,matched,
Lumezi,Eastern,2022,44.0,84.0,32.0,41.0,41.0,53.0,59.0,59.0,51.0,47.0,99.0,7.000000000000001,33.0,61.0,31.0,62.0,45.0,78.0,48.4,51.0,55.4,Eastern,Lumezi,2370.0,428093.0,3630.0,209628.0,10860.0,54530.0,709111.0,Eastern,Lumezi,matched,
Lundazi,Eastern,2022,44.0,35.0,32.0,41.0,41.0,53.0,59.0,59.0,51.0,77.0,99.0,5.0,76.0,2.0,46.0,17.0,45.0,87.0,38.6,59.88,39.4,Eastern,Lundazi,128261.0,2689443.0,61290.0,580855.0,395498.0,402420.0,4257767.0,Eastern,Lundazi,matched,
Lunga,Luapula,2022,44.0,7.000000000000001,84.0,41.0,41.0,53.0,59.0,59.0,51.0,1.0,89.0,66.0,1.0,69.0,1.0,71.0,45.0,11.0,43.4,47.38,39.4,Luapula,Lunga,2250.0,31600.0,650.0,51703.0,1350.0,0.0,87553.0,Luapula,Lunga,matched,
Lunte,Northern,2022,44.0,7.000000000000001,84.0,41.0,41.0,53.0,59.0,59.0,51.0,86.0,86.0,46.0,87.0,72.0,24.0,86.0,45.0,13.0,43.4,65.88,48.0,Northern,Lunte,735.0,135000.0,1450.0,8400.0,0.0,-29155.0,116430.0,Northern ,Lunte,matched,
Lupososhi,Northern,2022,44.0,15.0,84.0,41.0,41.0,53.0,59.0,59.0,51.0,45.0,77.0,41.0,43.0,48.0,10.0,99.0,45.0,7.000000000000001,45.0,53.5,41.8,Northern,Lupososhi,3903.0,504264.0,3932.0,20296.0,53548.0,0.0,585943.0,Northern ,Lupososhi,matched,
Lusaka,Lusaka,2022,92.0,62.0,63.0,41.0,41.0,53.0,59.0,59.0,51.0,1.0,0.0,84.0,22.0,5.0,100.0,0.0,45.0,34.0,59.8,41.12,36.8,Lusaka,Lusaka,105543585.0,76024653.0,5340513.0,44164671.0,34693517.0,6988154.0,272755093.0,Lusaka,Lusaka City Council,matched,council suffix removed: Lusaka City Council -> Lusaka
Lusangazi,Eastern,2022,44.0,21.0,32.0,41.0,41.0,53.0,59.0,59.0,51.0,74.0,96.0,40.0,74.0,41.0,48.0,72.0,45.0,62.0,35.8,63.25,53.6,Eastern,Lusangazi,2938.0,342366.0,24256.0,149582.0,54848.0,0.0,573990.0,Eastern,Lusangazi,matched,
Luwingu,Northern,2022,44.0,97.0,32.0,41.0,41.0,53.0,59.0,59.0,51.0,46.0,83.0,47.0,42.0,51.0,18.0,53.0,45.0,14.000000000000002,51.0,55.0,36.2,Northern,Luwingu,142179.0,872636.0,30186.0,230254.0,24233.0,22270.0,1321758.0,Northern ,Luwingu,matched,
Mafinga,Muchiga,2022,44.0,7.000000000000001,32.0,41.0,41.0,53.0,59.0,59.0,51.0,53.0,100.0,16.0,53.0,39.0,2.0,23.0,45.0,45.0,33.0,55.5,30.8,Muchinga,Mafinga,8932.0,668782.0,5449.0,101587.0,37388.0,0.0,822138.0,Muchinga,Mafinga,matched,score province normalized: Muchiga -> Muchinga
Mambwe,Eastern,2022,44.0,86.0,32.0,41.0,41.0,53.0,59.0,59.0,51.0,26.0,94.0,31.0,21.0,54.0,34.0,56.99999999999999,45.0,55.00000000000001,48.8,49.25,49.0,Eastern,Mambwe,1927225.0,679859.0,38200.0,401159.0,95188.0,-33283.0,3108348.0,Eastern,Mambwe,matched,
Mansa,Luapula,2022,44.0,23.0,32.0,41.0,41.0,53.0,59.0,59.0,51.0,33.0,69.0,47.0,23.0,28.000000000000004,39.0,27.0,45.0,14.000000000000002,36.2,49.25,30.6,Luapula,Mansa,1631784.0,6638131.0,178250.0,3007834.0,1738631.0,526311.0,13720941.0,Luapula,Mansa Municipal Council,matched,council suffix removed: Mansa Municipal Council -> Mansa
Manyinga,North-Western,2022,44.0,7.000000000000001,32.0,41.0,41.0,53.0,59.0,59.0,51.0,84.0,53.0,41.0,86.0,72.0,10.0,65.0,45.0,23.0,33.0,60.75,43.0,North-Western,Manyinga,12323.0,713920.0,11639.0,1173468.0,2630.0,0.0,1913980.0,North Western,Manyinga,matched,province normalized: North Western -> North-Western
Masaiti,Copperbelt,2022,44.0,54.0,32.0,41.0,41.0,53.0,59.0,59.0,51.0,36.0,41.0,14.000000000000002,37.0,29.0,78.0,47.0,45.0,38.0,42.4,43.75,47.4,Copperbelt,Masaiti,7164325.0,451741.0,8755.0,1240376.0,132295.0,0.0,8997492.0,Copperbelt,Masaiti,matched,
Mazabuka,Southern,2022,90.0,54.0,32.0,41.0,41.0,53.0,59.0,59.0,51.0,1.0,32.0,2.0,3.0,28.000000000000004,83.0,15.0,45.0,93.0,51.6,32.5,52.8,Southern,Mazabuka,11238122.0,3797826.0,1181519.0,224009.0,1192188.0,6947.0,17640611.0,Southern,Mazabuka Municipal Council,matched,council suffix removed: Mazabuka Municipal Council -> Mazabuka
Mbala,Northern,2022,44.0,25.0,32.0,41.0,41.0,53.0,59.0,59.0,51.0,81.0,97.0,9.0,80.0,22.0,36.0,47.0,45.0,48.0,36.6,61.12,39.6,Northern,Mbala,482160.0,2155261.0,158243.0,438350.0,435106.0,6291.0,3675411.0,Northern,Mbala Municipal Council,matched,council suffix removed: Mbala Municipal Council -> Mbala
Milengi,Luapula,2022,44.0,7.000000000000001,84.0,41.0,41.0,53.0,59.0,59.0,51.0,91.0,79.0,37.0,90.0,73.0,6.0,95.0,45.0,3.0,43.4,64.88,44.4,Luapula,Milengi,10673.0,517514.0,10620.0,7050.0,300.0,71840.0,617997.0,Luapula,Milenge,matched,district spelling normalized: Milenge -> Milengi
Mitete,Western,2022,44.0,7.000000000000001,84.0,41.0,41.0,53.0,59.0,59.0,51.0,60.0,40.0,20.0,57.99999999999999,91.0,4.0,93.0,45.0,47.0,43.4,50.0,56.0,Western,Mitete,5850.0,185620.0,1610.0,8419.0,550.0,281110.0,483159.0,Western,Mitete,matched,
Mkushi,Central,2022,44.0,68.0,32.0,41.0,41.0,53.0,59.0,59.0,51.0,37.0,87.0,59.0,25.0,50.0,42.0,38.0,45.0,92.0,45.2,53.75,53.4,Central,Mkushi,524723.0,1421752.0,33165.0,4200561.0,537179.0,146880.0,6864260.0,Central,Mkushi,matched,
Mongu,Western,2022,44.0,44.0,32.0,41.0,41.0,53.0,59.0,59.0,51.0,42.0,42.0,30.0,34.0,35.0,35.0,6.0,45.0,67.0,40.4,46.25,37.6,Western,Mongu,1428436.0,4150491.0,1404665.0,533244.0,1257141.0,55093.0,8829070.0,Western,Mongu Municipal Council,matched,council suffix removed: Mongu Municipal Council -> Mongu
Monze,Southern,2022,44.0,51.0,32.0,41.0,41.0,53.0,59.0,59.0,51.0,56.99999999999999,48.0,4.0,56.00000000000001,17.0,45.0,9.0,45.0,87.0,41.8,48.38,40.6,Southern,Monze,1554115.0,2783654.0,249652.0,556119.0,1423432.0,52230.0,6619202.0,Southern,Monze,matched,
Mpika,Muchiga,2022,44.0,33.0,32.0,41.0,41.0,53.0,59.0,59.0,51.0,26.0,99.0,31.0,7.000000000000001,87.0,53.0,8.0,45.0,71.0,38.2,48.12,52.8,Muchinga,Mpika,852306.0,3856500.0,74024.0,1065445.0,758020.0,0.0,6606295.0,Muchinga,Mpika,matched,score province normalized: Muchiga -> Muchinga
Mpongwe,Copperbelt,2022,44.0,80.0,32.0,41.0,41.0,53.0,59.0,59.0,51.0,94.0,61.0,80.0,94.0,61.0,39.0,36.0,45.0,88.0,47.6,68.88,53.8,Copperbelt,Mpongwe,252035.0,3576546.0,40560.0,925541.0,282068.0,0.0,5076750.0,Copperbelt,Mpongwe,matched,
Mporokoso,Northern,2022,44.0,16.0,84.0,41.0,41.0,53.0,59.0,59.0,51.0,97.0,77.0,53.0,93.0,61.0,28.000000000000004,50.0,45.0,4.0,45.2,67.75,37.6,Northern,Mporokoso,117762.0,490253.0,182859.0,0.0,68878.0,551.0,860303.0,Northern ,Mporokoso,matched,
Mpulungu,Northern,2022,44.0,39.0,84.0,41.0,41.0,53.0,59.0,59.0,51.0,80.0,93.0,23.0,83.0,60.0,15.0,11.0,45.0,33.0,49.8,62.62,32.8,Northern,Mpulungu,571504.0,1112755.0,335603.0,588962.0,162364.0,-13738.0,2757450.0,Northern ,Mpulungu,matched,
Mufulira,Copperbelt,2022,44.0,68.0,32.0,41.0,41.0,53.0,59.0,59.0,51.0,76.0,4.0,29.0,75.0,11.0,89.0,6.0,45.0,27.0,45.2,50.75,35.6,Copperbelt,Mufulira,24769977.0,10303890.0,99110.0,1384979.0,1924303.0,0.0,38482259.0,Copperbelt,Mufulira Municipal Council,matched,council suffix removed: Mufulira Municipal Council -> Mufulira
Mufumbwe,North-Western,2022,44.0,78.0,32.0,41.0,41.0,53.0,59.0,59.0,51.0,83.0,64.0,76.0,91.0,96.0,14.000000000000002,33.0,45.0,52.0,47.2,67.0,48.0,North-Western,Mufumbwe,7693.0,827566.0,50.0,834642.0,104040.0,-10682.0,1763309.0,North Western,Mufumbwe,matched,province normalized: North Western -> North-Western
Mulobezi,Western,2022,44.0,97.0,84.0,41.0,41.0,53.0,59.0,59.0,51.0,88.0,57.99999999999999,23.0,93.0,99.0,14.000000000000002,26.0,45.0,35.0,61.4,60.5,43.8,Western,Mulobezi,14114.0,526913.0,16235.0,89941.0,37482.0,11786.0,696471.0,Western,Mulobezi,matched,
Mumbwa,Central,2022,44.0,20.0,32.0,41.0,41.0,53.0,59.0,59.0,51.0,49.0,56.99999999999999,56.99999999999999,24.0,62.0,44.0,12.0,45.0,95.0,35.6,51.12,51.6,Central,Mumbwa,2375870.0,3919262.0,75320.0,1699599.0,641386.0,21854.0,8733291.0,Central,Mumbwa,matched,
Mungwi,Northern,2022,44.0,76.0,32.0,41.0,41.0,53.0,59.0,59.0,51.0,45.0,98.0,25.0,32.0,45.0,8.0,49.0,45.0,59.0,46.8,52.75,41.2,Northern,Mungwi,129815.0,644084.0,133728.0,57670.0,24248.0,15340.0,1004885.0,Northern ,Mungwi,matched,
Mushindano,North-Western,2022,44.0,7.000000000000001,84.0,41.0,41.0,53.0,59.0,59.0,51.0,89.0,20.0,44.0,93.0,91.0,5.0,98.0,45.0,14.000000000000002,43.4,58.5,50.6,North-Western,Mushindano,7630.0,2720629.6,46240.0,29281.5,10056844.28,0.0,12860625.38,North Western,Mushindamo,matched,province normalized: North Western -> North-Western; district spelling normalized: Mushindamo -> Mushindano
Mwandi,Western,2022,44.0,13.0,84.0,41.0,41.0,53.0,59.0,59.0,51.0,94.0,62.0,9.0,92.0,92.0,9.0,15.0,45.0,46.0,44.6,59.88,41.4,Western,Mwandi,8583.0,255604.0,11160.0,236521.0,22220.0,0.0,534088.0,Western,Mwandi,matched,
Mwansabombwe,Luapula,2022,44.0,20.0,84.0,41.0,41.0,53.0,59.0,59.0,51.0,92.0,64.0,57.99999999999999,82.0,19.0,33.0,54.0,45.0,4.0,46.0,64.75,31.0,Luapula,Mwansabombwe,12992.0,429297.0,400.0,47570.0,75165.0,0.0,565424.0,Luapula,Mwansabombwe,matched,
Mwense,Luapula,2022,44.0,92.0,32.0,41.0,41.0,53.0,59.0,59.0,51.0,56.00000000000001,65.0,20.0,63.0,29.0,78.0,42.0,45.0,12.0,50.0,53.25,41.2,Luapula,Mwense,1337936.0,1311604.0,15600.0,251824.0,137608.0,14459.0,3069031.0,Luapula,Mwense,matched,
Mwinilunga,North-Western,2022,44.0,42.0,32.0,41.0,41.0,53.0,59.0,59.0,51.0,96.0,29.0,39.0,99.0,82.0,2.0,65.0,45.0,37.0,40.0,60.62,46.2,North-Western,Mwinilunga,11528.0,893889.0,230319.0,858214.0,26822.0,95587.0,2116359.0,North Western,Mwinilunga,matched,province normalized: North Western -> North-Western
Nakonde,Muchiga,2022,44.0,81.0,32.0,41.0,41.0,53.0,59.0,59.0,51.0,76.0,100.0,13.0,76.0,30.0,31.0,1.0,45.0,51.0,47.8,60.88,31.6,Muchinga,Nakonde,10783.0,26331584.0,59181.0,863097.0,667914.0,13923.0,27946482.0,Muchinga,Nakonde,matched,score province normalized: Muchiga -> Muchinga
Nalolo,Western,2022,44.0,7.000000000000001,84.0,41.0,41.0,53.0,59.0,59.0,51.0,57.99999999999999,50.0,22.0,56.99999999999999,60.0,14.000000000000002,30.0,45.0,63.0,43.4,51.12,42.4,Western,Nalolo,150870.0,133699.0,1250.0,29142.0,100.0,0.0,315061.0,Western,Nalolo,matched,
Namwala,Southern,2022,44.0,60.0,84.0,41.0,41.0,53.0,59.0,59.0,51.0,14.000000000000002,56.00000000000001,5.0,13.0,34.0,11.0,17.0,45.0,89.0,54.0,38.75,39.2,Southern,Namwala,37130.0,731279.0,84525.0,1887477.0,273411.0,-29218.0,2984604.0,Southern,Namwala,matched,
Nchelenge,Luapula,2022,44.0,27.0,32.0,41.0,41.0,53.0,59.0,59.0,51.0,78.0,60.0,52.0,78.0,12.0,2.0,21.0,45.0,9.0,37.0,61.25,17.8,Luapula,Nchelenge,60762.0,1401413.0,0.0,612231.0,57510.0,20500.0,2152416.0,Luapula,Nchelenge,matched,
Ndola,Copperbelt,2022,95.0,69.0,66.0,41.0,41.0,53.0,59.0,59.0,51.0,7.000000000000001,5.0,4.0,34.0,4.0,98.0,3.0,45.0,31.0,62.4,34.0,36.2,Copperbelt,Ndola,31754234.0,26395031.0,4734809.0,0.0,15909.0,8379.0,62908362.0,Copperbelt,Ndola City Coucil,matched,council suffix removed: Ndola City Coucil -> Ndola
Ngabwe,Central,2022,44.0,83.0,32.0,41.0,41.0,53.0,59.0,59.0,51.0,16.0,65.0,59.0,12.0,94.0,10.0,89.0,45.0,61.0,48.2,46.75,59.8,Central,Ngabwe,4856.0,467069.0,90395.0,214091.0,8070.0,235970.0,1020451.0,Central,NgabweTown Council,matched,council suffix removed: NgabweTown Council -> Ngabwe
Nkeyema,Western,2022,44.0,45.0,84.0,41.0,41.0,53.0,59.0,59.0,51.0,54.0,55.00000000000001,67.0,55.00000000000001,41.0,32.0,69.0,45.0,59.0,51.0,56.62,49.2,Western,Nkeyema,19390.0,263013.0,6300.0,1137093.0,24650.0,0.0,1450446.0,Western,Nkeyema,matched,
Nsama,Northern,2022,44.0,24.0,32.0,41.0,41.0,53.0,59.0,59.0,51.0,91.0,86.0,6.0,92.0,83.0,56.00000000000001,65.0,45.0,29.0,36.4,62.12,55.6,Northern,Nsama,9808.0,397832.0,1350.0,665010.0,30226.0,8422.0,1112648.0,Northern ,Nsama,matched,
Nyimba,Eastern,2022,44.0,23.0,32.0,41.0,41.0,53.0,59.0,59.0,51.0,18.0,88.0,56.00000000000001,9.0,69.0,48.0,18.0,45.0,68.0,36.2,49.12,49.6,Eastern,Nyimba,1285405.0,2544526.0,38403.0,780463.0,575853.0,145002.0,5369652.0,Eastern,NyimbaTown Council,matched,council suffix removed: NyimbaTown Council -> Nyimba
Pemba,Southern,2022,44.0,61.0,32.0,41.0,41.0,53.0,59.0,59.0,51.0,83.0,54.0,22.0,79.0,20.0,20.0,30.0,45.0,61.0,43.8,57.5,35.2,Southern,Pemba,16313.0,1167011.0,62598.0,287237.0,8442.0,20998.0,1562599.0,Southern,Pemba,matched,
Petauke,Eastern,2022,44.0,39.0,32.0,41.0,41.0,53.0,59.0,59.0,51.0,17.0,98.0,94.0,23.0,9.0,34.0,24.0,45.0,94.0,39.4,56.75,41.2,Eastern,Petauke,1250322.0,3618493.0,11834.0,849472.0,1257614.0,-194313.0,6793422.0,Eastern,Petauke,matched,
Rufunsa,Lusaka,2022,44.0,26.0,84.0,41.0,41.0,53.0,59.0,59.0,51.0,15.0,94.0,76.0,7.000000000000001,89.0,61.0,62.0,45.0,33.0,47.2,51.75,58.0,Lusaka,Rufunsa,35715.0,2493247.0,76858.0,202461.0,117576.0,0.0,2925857.0,Lusaka,Rufunsa,matched,
Samfya,Luapula,2022,44.0,69.0,84.0,41.0,41.0,53.0,59.0,59.0,51.0,12.0,84.0,13.0,18.0,17.0,1.0,54.0,45.0,48.0,55.8,43.62,33.0,Luapula,Samfya,207499.0,1067739.0,38069.0,591960.0,365576.0,-17182.0,2253661.0,Luapula,Samfya,matched,
Senanga,Western,2022,44.0,32.0,84.0,41.0,41.0,53.0,59.0,59.0,51.0,88.0,54.0,29.0,92.0,73.0,20.0,8.0,45.0,49.0,48.4,60.62,39.0,Western,Senanga,113191.0,969184.0,348000.0,80161.0,199825.0,65962.0,1776323.0,Western,Senanga,matched,
Senga Hill,Northern,2022,44.0,22.0,84.0,41.0,41.0,53.0,59.0,59.0,51.0,79.0,98.0,16.0,80.0,40.0,4.0,56.99999999999999,45.0,37.0,46.4,61.88,36.6,Northern,Senga Hill,35878.0,459263.0,72958.0,60.0,5500.0,0.0,573659.0,Northern ,Senga Hill,matched,
Serenje,Central,2022,44.0,54.0,32.0,41.0,41.0,53.0,59.0,59.0,51.0,30.0,94.0,44.0,13.0,67.0,41.0,53.0,45.0,70.0,42.4,50.38,55.2,Central,Serenje,304213.0,5574390.0,184546.0,1025930.0,812200.0,95720.0,7996999.0,Central,Serenje,matched,
Sesheke,Western,2022,44.0,84.0,32.0,41.0,41.0,53.0,59.0,59.0,51.0,94.0,54.0,28.000000000000004,97.0,93.0,26.0,10.0,45.0,56.99999999999999,48.4,61.88,46.2,Western,Sesheke,103827.0,3049333.0,131725.0,857493.0,144580.0,-22131.0,4264827.0,Western,Sesheke,matched,
Shangombo,Western,2022,44.0,50.0,32.0,41.0,41.0,53.0,59.0,59.0,51.0,76.0,45.0,20.0,77.0,78.0,5.0,69.0,45.0,56.99999999999999,41.6,55.0,50.8,Western,Shangombo,12156.0,633364.0,12790.0,358276.0,7019.0,0.0,1023605.0,Western,Shangombo,matched,
Shibuyunji,Central,2022,44.0,7.000000000000001,32.0,41.0,41.0,53.0,59.0,59.0,51.0,2.0,7.000000000000001,9.0,16.0,17.0,47.0,20.0,45.0,77.0,33.0,32.0,41.2,Central,Shibuyunji,5219932.0,381941.0,37950.0,193714.0,91588.0,0.0,5925125.0,Central,Shibuyunji,matched,
Shiwang'Andu,Muchiga,2022,44.0,38.0,32.0,41.0,41.0,53.0,59.0,59.0,51.0,38.0,98.0,12.0,25.0,79.0,10.0,56.00000000000001,45.0,27.0,39.2,49.38,43.4,Muchinga,Shiwang'Andu,2910.0,782058.0,2250.0,38006.0,32670.0,0.0,857894.0,Muchinga,Shiwang'andu,matched,score province normalized: Muchiga -> Muchinga; score district normalized: Shiwang'Andu -> Shiwang'andu
Siavonga,Southern,2022,44.0,70.0,32.0,41.0,41.0,53.0,59.0,59.0,51.0,14.000000000000002,66.0,13.0,25.0,52.0,80.0,21.0,45.0,42.0,45.6,42.5,48.0,Southern,Siavonga,5765799.0,234835.0,116863.0,5834197.0,347167.0,99480.0,12398341.0,Southern,Siavonga,matched,
Sikongo,Western,2022,44.0,7.000000000000001,84.0,41.0,41.0,53.0,59.0,59.0,51.0,93.0,42.0,8.0,93.0,75.0,1.0,70.0,45.0,53.0,43.4,57.25,48.8,Western,Sikongo,7118.0,514292.0,2490.0,63600.0,550.0,100549.0,688599.0,Western,Sikongo,matched,
Sinazongwe,Southern,2022,44.0,83.0,32.0,41.0,41.0,53.0,59.0,59.0,51.0,12.0,31.0,10.0,13.0,37.0,55.00000000000001,29.0,45.0,66.0,48.2,36.0,46.4,Southern,Sinazongwe,4924535.0,833689.0,509391.0,2514176.0,81015.0,0.0,8862806.0,Southern,Sinazongwe,matched,
Sinda,Eastern,2022,44.0,78.0,32.0,41.0,41.0,53.0,59.0,59.0,51.0,70.0,97.0,97.0,73.0,7.000000000000001,30.0,56.00000000000001,45.0,92.0,47.2,69.88,46.0,Eastern,Sinda,40553.0,1231528.0,0.0,271311.0,180714.0,128850.0,1852956.0,Eastern,Sinda,matched,
Sioma,Western,2022,44.0,29.0,32.0,41.0,41.0,53.0,59.0,59.0,51.0,86.0,46.0,22.0,88.0,79.0,24.0,51.0,45.0,75.0,37.4,58.0,54.8,Western,Sioma,10463.0,527565.0,3550.0,106917.0,8400.0,0.0,656895.0,Western,Sioma,matched,
Solwezi,North-Western,2022,88.0,49.0,32.0,41.0,41.0,53.0,59.0,59.0,51.0,99.0,19.0,55.00000000000001,98.0,29.0,91.0,82.0,45.0,8.0,50.2,61.62,51.0,North-Western,Solwezi,59159027.0,6360531.0,526370.0,2848001.0,2270072.0,-11565.0,71152436.0,North Western,Solwezi Municipal Council,matched,province normalized: North Western -> North-Western; council suffix removed: Solwezi Municipal Council -> Solwezi
Vubwi,Eastern,2022,44.0,7.000000000000001,32.0,41.0,41.0,53.0,59.0,59.0,51.0,42.0,79.0,35.0,59.0,19.0,46.0,82.0,45.0,53.0,33.0,54.62,49.0,Eastern,Vubwi,9865.0,535179.0,4825.0,72168.0,5860.0,1638227.0,2266124.0,Eastern,Vubwi,matched,
Zambezi,North-Western,2022,44.0,26.0,32.0,41.0,41.0,53.0,59.0,59.0,51.0,84.0,39.0,34.0,88.0,80.0,3.0,13.0,45.0,55.00000000000001,36.8,58.38,39.2,North-Western,Zambezi,2855.0,735878.0,138849.0,432457.0,288422.0,139606.0,1738067.0,North Western,Zambezi,matched,province normalized: North Western -> North-Western
Zimba,Southern,2022,44.0,32.0,32.0,41.0,41.0,53.0,59.0,59.0,51.0,41.0,51.0,7.000000000000001,36.0,54.0,28.000000000000004,28.000000000000004,45.0,82.0,38.0,44.62,47.4,Southern,Zimba,65757.0,1196523.0,19022.0,595369.0,149173.0,2168.0,2028012.0,Southern,Zimba,matched,
Chadiza,Eastern,2023,44.0,52.0,32.0,41.0,41.0,53.0,59.0,59.0,51.0,79.0,71.0,69.0,77.0,11.0,50.0,67.0,45.0,77.0,42.0,64.75,50.0,Eastern,Chadiza,72345.0,656933.0,25650.0,2045246.0,175984.0,0.0,2976158.0,Eastern,Chadiza,matched,
Chama,Muchiga,2023,44.0,34.0,84.0,41.0,41.0,53.0,59.0,59.0,51.0,38.0,95.0,4.0,14.000000000000002,89.0,55.00000000000001,82.0,45.0,25.0,48.8,46.62,59.2,Muchinga,Chama,71609.0,486384.0,8870.0,258120.0,91270.0,946578.0,1862831.0,Eastern,Chama,matched,OSR province differs from score/admin geography: Eastern -> Muchinga; score province normalized: Muchiga -> Muchinga
Chasefu,Eastern,2023,44.0,74.0,32.0,41.0,41.0,53.0,59.0,59.0,51.0,75.0,84.0,1.0,75.0,24.0,38.0,93.0,45.0,57.99999999999999,46.4,57.12,51.6,Eastern,Chasefu,5799.0,665482.0,13000.0,285402.0,6180.0,0.0,975863.0,Eastern,Chasefu,matched,
Chavuma,North-Western,2023,44.0,7.000000000000001,32.0,41.0,41.0,53.0,59.0,59.0,51.0,35.0,17.0,10.0,33.0,66.0,4.0,33.0,45.0,45.0,33.0,39.62,38.6,North-Western,Chavuma,417690.0,1029967.0,11833.0,282748.0,25707.0,0.0,1767945.0,North Western,Chavuma,matched,province normalized: North Western -> North-Western
Chembe,Luapula,2023,44.0,45.0,32.0,41.0,41.0,53.0,59.0,59.0,51.0,94.0,47.0,59.0,85.0,49.0,40.0,92.0,45.0,19.0,40.6,63.38,49.0,Luapula,Chembe,10364.0,3407201.0,14554.0,570710.0,148651.0,0.0,4151480.0,Luapula,Chembe,matched,
Chibombo,Central,2023,44.0,45.0,32.0,41.0,41.0,53.0,59.0,59.0,51.0,81.0,23.0,84.0,83.0,34.0,86.0,93.0,45.0,99.0,40.6,61.62,71.4,Central,Chibombo,5294598.0,4231249.0,865840.0,3123314.0,4453534.0,0.0,17968535.0,Central,Chibombo,matched,
Chiengi,Luapula,2023,44.0,16.0,32.0,41.0,41.0,53.0,59.0,59.0,51.0,86.0,61.0,33.0,84.0,21.0,48.0,56.99999999999999,45.0,10.0,34.8,60.75,36.2,Luapula,Chiengi,18990.0,471435.0,1169.0,770477.0,44054.0,783199.0,2089324.0,Luapula,Chiengi,matched,
Chifunabuli,Luapula,2023,44.0,7.000000000000001,32.0,41.0,41.0,53.0,59.0,59.0,51.0,75.0,72.0,74.0,75.0,29.0,33.0,90.0,45.0,26.0,33.0,64.75,44.6,Luapula,Chifunabuli,8560.0,284493.0,112856.0,37883.0,79309.0,0.0,523101.0,Luapula,Chifunabuli,matched,
Chikankanta,Southern,2023,44.0,21.0,84.0,41.0,41.0,53.0,59.0,59.0,51.0,7.000000000000001,28.000000000000004,79.0,16.0,43.0,84.0,72.0,45.0,82.0,46.2,44.0,65.2,Southern,Chikankanta,12659968.0,1080163.0,0.0,0.0,0.0,0.0,13740131.0,Southern,Chikankata,matched,district spelling normalized: Chikankata -> Chikankanta
Chilanga,Lusaka,2023,44.0,77.0,32.0,41.0,41.0,53.0,59.0,59.0,51.0,17.0,2.0,10.0,37.0,35.0,97.0,46.0,45.0,76.0,47.0,36.0,59.8,Lusaka,Chilanga,5665774.0,2518416.0,3348031.0,3426320.0,1387537.0,0.0,16346078.0,Lusaka,Chilanga,matched,
Chililabombwe,Copperbelt,2023,44.0,50.0,32.0,41.0,41.0,53.0,59.0,59.0,51.0,11.0,6.0,27.0,36.0,15.0,92.0,36.0,45.0,6.0,41.6,37.75,38.8,Copperbelt,Chililabombwe,27404439.0,42084091.0,525395.0,10286067.0,3927264.0,0.0,84227256.0,Copperbelt,Chililabombwe Municipal Council,matched,council suffix removed: Chililabombwe Municipal Council -> Chililabombwe
Chilubi,Northern,2023,44.0,18.0,32.0,41.0,41.0,53.0,59.0,59.0,51.0,13.0,73.0,8.0,13.0,49.0,22.0,93.0,45.0,42.0,35.2,41.12,50.2,Northern,Chilubi,24427.0,488841.0,4050.0,193397.0,5600.0,0.0,716315.0,Northern ,Chilubi,matched,
Chingola,Copperbelt,2023,44.0,67.0,84.0,41.0,41.0,53.0,59.0,59.0,51.0,27.0,3.0,38.0,40.0,13.0,93.0,19.0,45.0,25.0,55.4,41.25,39.0,Copperbelt,Chingola,58777100.0,14849994.0,500678.0,2477351.0,4325467.0,0.0,80930590.0,Copperbelt,Chingola Municipal Council,matched,council suffix removed: Chingola Municipal Council -> Chingola
Chinsali,Muchiga,2023,44.0,74.0,84.0,41.0,41.0,53.0,59.0,59.0,51.0,78.0,96.0,8.0,79.0,50.0,53.0,56.00000000000001,45.0,32.0,56.8,60.38,47.2,Muchinga,Chinsali,1379471.0,4045524.0,195469.0,845782.0,753001.0,49048.0,7268295.0,Muchinga,Chinsali Municipal Council,matched,council suffix removed: Chinsali Municipal Council -> Chinsali; score province normalized: Muchiga -> Muchinga
Chipangali,Eastern,2023,44.0,69.0,32.0,41.0,41.0,53.0,59.0,59.0,51.0,86.0,80.0,2.0,83.0,14.000000000000002,52.0,92.0,45.0,60.0,45.4,59.12,52.6,Eastern,Chipangali,8473.0,669138.0,10570.0,601719.0,54715.0,0.0,1344615.0,Eastern,Chipangali,matched,
Chipata,Eastern,2023,44.0,73.0,32.0,41.0,41.0,53.0,59.0,59.0,51.0,65.0,68.0,31.0,73.0,2.0,88.0,22.0,45.0,72.0,46.2,57.38,45.8,Eastern,Chipata,8351400.0,13641207.0,2820646.0,481210.0,6395556.0,28130.0,31718149.0,Eastern,Chipata City Council,matched,council suffix removed: Chipata City Council -> Chipata
Chipili,Luapula,2023,44.0,24.0,84.0,41.0,41.0,53.0,59.0,59.0,51.0,73.0,54.0,24.0,74.0,69.0,26.0,74.0,45.0,2.0,46.8,55.88,43.2,Luapula,Chipili,6842.0,703401.0,400.0,48424.0,1000.0,-15135.0,744932.0,Luapula,Chipili,matched,
Chirundu,Lusaka,2023,44.0,66.0,84.0,41.0,41.0,53.0,59.0,59.0,51.0,10.0,47.0,92.0,31.0,32.0,86.0,57.99999999999999,45.0,64.0,55.2,50.25,57.0,Lusaka,Chirundu,325162.0,19134695.0,220900.0,163188.0,1522608.0,0.0,21366553.0,Southern,Chirundu,matched,OSR province differs from score/admin geography: Southern -> Lusaka
Chisamba,Central,2023,44.0,36.0,32.0,41.0,41.0,53.0,59.0,59.0,51.0,80.0,56.00000000000001,62.0,80.0,49.0,83.0,66.0,45.0,90.0,38.8,62.5,66.6,Central,Chisamba,991690.0,2201416.0,128691.0,463296.0,133209.0,0.0,3918302.0,Central,Chisamba,matched,
Chitambo,Central,2023,44.0,17.0,32.0,41.0,41.0,53.0,59.0,59.0,51.0,87.0,72.0,18.0,92.0,85.0,44.0,81.0,45.0,45.0,35.0,61.38,60.0,Central,Chitambo,5665.0,1591758.0,114430.0,90557.0,21020.0,0.0,1823430.0,Central,Chitambo,matched,
Choma,Southern,2023,44.0,56.00000000000001,32.0,41.0,41.0,53.0,59.0,59.0,51.0,54.0,23.0,6.0,51.0,31.0,84.0,16.0,45.0,86.0,42.8,44.5,52.4,Southern,Choma,2836852.0,5879223.0,1141030.0,2034891.0,2294673.0,185206.0,14371875.0,Southern,Choma Municipal Council,matched,council suffix removed: Choma Municipal Council -> Choma
Chongwe,Lusaka,2023,97.0,73.0,65.0,41.0,41.0,53.0,59.0,59.0,51.0,48.0,9.0,22.0,54.0,38.0,97.0,68.0,45.0,76.0,63.4,44.38,64.8,Lusaka,Chongwe,15381745.0,13973102.0,898621.0,5885613.0,3958748.0,147178.0,40245007.0,Lusaka,Chongwe Municipal Council,matched,council suffix removed: Chongwe Municipal Council -> Chongwe
Gwembe,Southern,2023,44.0,7.000000000000001,32.0,41.0,41.0,53.0,59.0,59.0,51.0,11.0,46.0,71.0,15.0,57.99999999999999,75.0,23.0,45.0,61.0,33.0,45.62,52.4,Southern,Gwembe,70165.0,545796.0,15300.0,722990.0,38750.0,0.0,1393001.0,Southern,Gwembe,matched,
Ikelenge,North-Western,2023,44.0,62.0,32.0,41.0,41.0,53.0,59.0,59.0,51.0,4.0,10.0,35.0,16.0,47.0,5.0,19.0,45.0,17.0,44.0,35.88,26.6,North-Western,Ikelenge,15210.0,292183.0,121312.0,204089.0,4445.0,0.0,637239.0,North Western,Ikelenge,matched,province normalized: North Western -> North-Western
Isoka,Muchiga,2023,44.0,29.0,84.0,41.0,41.0,53.0,59.0,59.0,51.0,52.0,96.0,2.0,49.0,52.0,44.0,83.0,45.0,29.0,47.8,52.62,50.6,Muchinga,Isoka,205144.0,2464817.0,8630.0,742316.0,431438.0,51284.0,3903629.0,Muchinga,Isoka,matched,score province normalized: Muchiga -> Muchinga
Itezhi-Tezhi,Central,2023,44.0,36.0,32.0,41.0,41.0,53.0,59.0,59.0,51.0,22.0,26.0,68.0,6.0,93.0,73.0,25.0,45.0,85.0,38.8,43.0,64.2,Central,Itezhi-Tezhi,1713378.0,2254155.0,318670.0,427082.0,290256.0,0.0,5003541.0,Central,Itezhi-tezhi,matched,score district normalized: Itezhi-Tezhi -> Itezhi-tezhi
Kabompo,North-Western,2023,44.0,98.0,84.0,41.0,41.0,53.0,59.0,59.0,51.0,39.0,24.0,41.0,30.0,77.0,22.0,45.0,45.0,18.0,61.6,44.5,41.4,North-Western,Kabompo,1217542.0,1092288.0,3335.0,1463266.0,181942.0,0.0,3958373.0,North Western,Kabompo,matched,province normalized: North Western -> North-Western
Kabwe,Central,2023,97.0,47.0,32.0,41.0,41.0,53.0,59.0,59.0,51.0,33.0,21.0,82.0,45.0,12.0,94.0,10.0,45.0,71.0,51.6,50.38,46.4,Central,Kabwe,11651268.0,16686099.0,489260.0,1914847.0,6073842.0,0.0,36815316.0,Central,Kabwe Municipal Council,matched,council suffix removed: Kabwe Municipal Council -> Kabwe
Kafue,Lusaka,2023,44.0,70.0,32.0,41.0,41.0,53.0,59.0,59.0,51.0,13.0,14.000000000000002,73.0,14.000000000000002,52.0,90.0,64.0,45.0,66.0,45.6,42.0,63.4,Lusaka,Kafue,10227532.0,9660148.0,3149826.0,1035255.0,3348590.0,0.0,27421351.0,Lusaka,Kafue,matched,
Kalabo,Western,2023,44.0,21.0,32.0,41.0,41.0,53.0,59.0,59.0,51.0,32.0,15.0,26.0,18.0,71.0,34.0,29.0,45.0,93.0,35.8,39.12,54.4,Western,Kalabo,3686.0,448713.0,22575.0,111418.0,81187.0,0.0,667579.0,Western,Kalabo,matched,
Kalomo,Southern,2023,44.0,98.0,32.0,41.0,41.0,53.0,59.0,59.0,51.0,56.99999999999999,34.0,5.0,50.0,40.0,72.0,18.0,45.0,99.0,51.2,46.0,54.8,Southern,Kalomo,926322.0,8495466.0,40790.0,560153.0,396530.0,-7739.0,10411522.0,Southern,Kalomo,matched,
Kalulushi,Copperbelt,2023,44.0,56.00000000000001,32.0,41.0,41.0,53.0,59.0,59.0,51.0,40.0,1.0,32.0,56.00000000000001,19.0,95.0,37.0,45.0,6.0,42.8,43.88,40.4,Copperbelt,Kalulushi,78660186.0,5307912.0,1742368.0,260855.0,1861820.0,0.0,87833141.0,Copperbelt,Kalulushi Municipal Council,matched,council suffix removed: Kalulushi Municipal Council -> Kalulushi
Kalumbila,North-Western,2023,44.0,56.99999999999999,32.0,41.0,41.0,53.0,59.0,59.0,51.0,33.0,15.0,47.0,11.0,82.0,78.0,88.0,45.0,12.0,43.0,41.0,61.0,North-Western,Kalumbila,115382365.0,5101904.0,180726.0,1228933.0,263255.0,0.0,122157183.0,North Western,Kalumbila,matched,province normalized: North Western -> North-Western
Kanchibiya,Muchiga,2023,44.0,7.000000000000001,32.0,41.0,41.0,53.0,59.0,59.0,51.0,87.0,80.0,26.0,90.0,73.0,33.0,98.0,45.0,67.0,33.0,63.12,63.2,Muchinga,Kanchibiya,10155.0,708616.0,0.0,52154.0,40238.0,0.0,811163.0,Muchinga,Kanchibiya,matched,score province normalized: Muchiga -> Muchinga
Kaoma,Western,2023,44.0,87.0,32.0,41.0,41.0,53.0,59.0,59.0,51.0,36.0,25.0,43.0,22.0,61.0,49.0,25.0,45.0,40.0,49.0,43.5,44.0,Western,Kaoma,478365.0,1887060.0,126550.0,2272602.0,213820.0,0.0,4978397.0,Western,Kaoma,matched,
Kapiri Mposhi,Central,2023,44.0,27.0,32.0,41.0,41.0,53.0,59.0,59.0,51.0,79.0,52.0,76.0,82.0,36.0,71.0,51.0,45.0,98.0,37.0,63.88,60.2,Central,Kapiri Mposhi,3036401.0,9128142.0,56595.0,5081813.0,577845.0,0.0,17880796.0,Central,Kapiri Mposhi,matched,
Kaputa,Northern,2023,44.0,7.000000000000001,84.0,41.0,41.0,53.0,59.0,59.0,51.0,86.0,70.0,14.000000000000002,86.0,56.00000000000001,50.0,57.99999999999999,45.0,17.0,43.4,59.75,45.2,Northern,Kaputa,20715.0,656451.0,10145.0,214558.0,41392.0,0.0,943261.0,Northern ,Kaputa,matched,
Kasama,Northern,2023,44.0,39.0,32.0,41.0,41.0,53.0,59.0,59.0,51.0,88.0,73.0,21.0,92.0,42.0,70.0,46.0,45.0,38.0,39.4,62.0,48.2,Northern,Kasama,2921932.0,13149129.0,390632.0,2432963.0,1735061.0,0.0,20629717.0,Northern,Kasama Municipal Council,matched,council suffix removed: Kasama Municipal Council -> Kasama
Kasempa,North-Western,2023,44.0,81.0,32.0,41.0,41.0,53.0,59.0,59.0,51.0,44.0,38.0,55.00000000000001,16.0,98.0,60.0,46.0,45.0,49.0,47.8,46.88,59.6,North-Western,Kasempa,1581726.0,1849648.0,64155.0,823350.0,53495.0,0.0,4372374.0,North Western,Kasempa,matched,province normalized: North Western -> North-Western
Kasenengwa,Eastern,2023,44.0,71.0,32.0,41.0,41.0,53.0,59.0,59.0,51.0,81.0,76.0,20.0,78.0,10.0,54.0,95.0,45.0,73.0,45.8,59.62,55.4,Eastern,Kasenengwa,5213.0,1330572.0,82830.0,3048.0,394052.0,0.0,1815715.0,Eastern,Kasenengwa,matched,
Katete,Eastern,2023,44.0,59.0,32.0,41.0,41.0,53.0,59.0,59.0,51.0,81.0,76.0,81.0,80.0,11.0,77.0,61.0,45.0,88.0,43.4,67.5,56.4,Eastern,Katete,951415.0,2348180.0,132979.0,572203.0,530505.0,0.0,4535282.0,Eastern,Katete,matched,
Kawambwa,Luapula,2023,44.0,38.0,32.0,41.0,41.0,53.0,59.0,59.0,51.0,70.0,59.0,60.0,66.0,66.0,62.0,75.0,45.0,19.0,39.2,59.62,53.4,Luapula,Kawambwa,438731.25,2738515.67,326963.7,9645.0,423780.3,47126.0,3984761.92,Luapula,Kawambwa,matched,
Kazungula,Southern,2023,44.0,89.0,84.0,41.0,41.0,53.0,59.0,59.0,51.0,15.0,27.0,91.0,3.0,88.0,76.0,28.000000000000004,45.0,98.0,59.8,44.75,67.0,Southern,Kazungula,396680.0,14521836.0,21450.0,887574.0,229015.0,0.0,16056555.0,Southern,Kazungula,matched,
Kitwe,Copperbelt,2023,90.0,71.0,68.0,41.0,41.0,53.0,59.0,59.0,51.0,8.0,1.0,34.0,37.0,4.0,99.0,2.0,45.0,15.0,62.2,37.75,33.0,Copperbelt,Kitwe,103108229.0,33952206.0,1499034.0,8188637.0,10373730.0,0.0,157121836.0,Copperbelt,Kitwe City Council,matched,council suffix removed: Kitwe City Council -> Kitwe
Lavushimanda,Muchiga,2023,44.0,23.0,84.0,41.0,41.0,53.0,59.0,59.0,51.0,56.00000000000001,76.0,19.0,41.0,99.0,36.0,94.0,45.0,37.0,46.6,51.75,62.2,Muchinga,Lavushimanda,2750.0,1007392.0,0.0,61538.0,106695.0,0.0,1178375.0,Muchinga,Lavushimanda,matched,score province normalized: Muchiga -> Muchinga
Limulunga,Western,2023,44.0,28.000000000000004,32.0,41.0,41.0,53.0,59.0,59.0,51.0,31.0,16.0,27.0,32.0,60.0,30.0,39.0,45.0,51.0,37.2,41.0,45.0,Western,Limulunga,20385.0,277922.0,38469.0,287753.0,22136.0,18328.0,664993.0,Western,Limulunga,matched,
Livingstone,Southern,2023,89.0,65.0,32.0,41.0,41.0,53.0,59.0,59.0,51.0,7.000000000000001,9.0,98.0,38.0,13.0,97.0,3.0,45.0,31.0,53.6,46.75,37.8,Southern,Livingstone,27794731.0,8138144.0,721580.0,5791640.0,4248788.0,0.0,46694883.0,Southern,Livingstone City Council,matched,council suffix removed: Livingstone City Council -> Livingstone
Luampa,Western,2023,44.0,18.0,32.0,41.0,41.0,53.0,59.0,59.0,51.0,34.0,20.0,45.0,19.0,94.0,28.000000000000004,89.0,45.0,30.0,35.2,42.5,57.2,Western,Luampa,16118.0,311311.0,26513.0,510364.0,5120.0,0.0,869426.0,Western,Luampa,matched,
Luangwa,Lusaka,2023,44.0,46.0,84.0,41.0,41.0,53.0,59.0,59.0,51.0,29.0,77.0,45.0,32.0,85.0,64.0,50.0,45.0,32.0,51.2,50.62,55.2,Lusaka,Luangwa,292377.13,1368573.44,289401.0,1740302.0,113420.0,0.0,3804073.57,Lusaka,Luangwa,matched,
Luano,Central,2023,44.0,7.000000000000001,32.0,41.0,41.0,53.0,59.0,59.0,51.0,27.0,68.0,74.0,15.0,90.0,61.0,77.0,45.0,71.0,33.0,50.75,68.8,Central,Luano,1604621.0,789042.0,185630.0,17406.0,109231.0,0.0,2705930.0,Central,Luano,matched,
Luanshya,Copperbelt,2023,44.0,64.0,32.0,41.0,41.0,53.0,59.0,59.0,51.0,35.0,4.0,23.0,55.00000000000001,6.0,94.0,11.0,45.0,9.0,44.4,42.38,33.0,Copperbelt,Luanshya,34735934.41,7179164.0,1156873.0,202417.0,1467237.0,21637.0,44763262.41,Copperbelt,Luanshya Municipal Council,matched,council suffix removed: Luanshya Municipal Council -> Luanshya
Lufwanyama,Copperbelt,2023,44.0,43.0,84.0,41.0,41.0,53.0,59.0,59.0,51.0,78.0,9.0,82.0,82.0,74.0,67.0,69.0,45.0,28.000000000000004,50.6,59.12,56.6,Copperbelt,Lufwanyama,15996210.0,2881425.0,108418.0,765773.0,232149.0,0.0,19983975.0,Copperbelt,Lufwanyama,matched,
Lukulu,Western,2023,44.0,60.0,84.0,41.0,41.0,53.0,59.0,59.0,51.0,30.0,25.0,39.0,17.0,76.0,43.0,60.0,45.0,52.0,54.0,41.62,55.2,Western,Lukulu,15503.0,907691.0,5773.0,666148.0,20690.0,0.0,1615805.0,Western,Lukulu,matched,
Lumezi,Eastern,2023,44.0,15.0,32.0,41.0,41.0,53.0,59.0,59.0,51.0,45.0,89.0,1.0,32.0,63.0,51.0,75.0,45.0,59.0,34.6,48.62,58.6,Eastern,Lumezi,9450.0,659272.0,9000.0,249045.0,35990.0,0.0,962757.0,Eastern,Lumezi,matched,
Lundazi,Eastern,2023,44.0,53.0,32.0,41.0,41.0,53.0,59.0,59.0,51.0,74.0,96.0,0.0,74.0,3.0,74.0,44.0,45.0,82.0,42.2,58.25,49.6,Eastern,Lundazi,167923.0,2690615.0,62820.0,656047.0,398929.0,0.0,3976334.0,Eastern,Lundazi,matched,
Lunga,Luapula,2023,44.0,7.000000000000001,84.0,41.0,41.0,53.0,59.0,59.0,51.0,3.0,74.0,1.0,9.0,70.0,3.0,39.0,45.0,6.0,43.4,38.62,32.6,Luapula,Lunga,1943.0,700.0,0.0,68561.0,0.0,-55521.0,15683.0,Luapula,Lunga,matched,
Lunte,Northern,2023,44.0,67.0,84.0,41.0,41.0,53.0,59.0,59.0,51.0,82.0,78.0,72.0,84.0,74.0,53.0,94.0,45.0,8.0,55.4,67.25,54.8,Northern,Lunte,863.0,255481.0,9149.0,76558.0,1001.0,0.0,343052.0,Northern ,Lunte,matched,
Lupososhi,Northern,2023,44.0,7.000000000000001,84.0,41.0,41.0,53.0,59.0,59.0,51.0,77.0,67.0,47.0,77.0,53.0,40.0,99.0,45.0,5.0,43.4,61.25,48.4,Northern,Lupososhi,9825.0,404487.0,8464.0,54796.0,58892.0,0.0,536464.0,Northern ,Lupososhi,matched,
Lusaka,Lusaka,2023,93.0,79.0,63.0,41.0,41.0,53.0,59.0,59.0,51.0,0.0,0.0,68.0,22.0,8.0,100.0,1.0,45.0,32.0,63.4,39.0,37.2,Lusaka,Lusaka,86342712.0,133779291.0,4367999.0,42514418.0,62707520.0,2700000.0,332411940.0,Lusaka,Lusaka City Council,matched,council suffix removed: Lusaka City Council -> Lusaka
Lusangazi,Eastern,2023,44.0,87.0,32.0,41.0,41.0,53.0,59.0,59.0,51.0,74.0,72.0,11.0,74.0,45.0,73.0,87.0,45.0,51.0,49.0,56.62,60.2,Eastern,Lusangazi,6858.0,366885.0,42060.0,110472.0,42947.0,0.0,569222.0,Eastern,Lusangazi,matched,
Luwingu,Northern,2023,44.0,46.0,32.0,41.0,41.0,53.0,59.0,59.0,51.0,85.0,71.0,51.0,85.0,55.00000000000001,47.0,68.0,45.0,10.0,40.8,64.25,45.0,Northern,Luwingu,83891.0,1718347.0,29462.0,12828.0,297078.0,0.0,2141606.0,Northern ,Luwingu,matched,
Mafinga,Muchiga,2023,44.0,34.0,32.0,41.0,41.0,53.0,59.0,59.0,51.0,78.0,97.0,11.0,78.0,47.0,47.0,63.0,45.0,42.0,38.4,60.75,48.8,Muchinga,Mafinga,7254.0,1007056.0,5960.0,314739.0,65563.0,0.0,1400572.0,Muchinga,Mafinga,matched,score province normalized: Muchiga -> Muchinga
Mambwe,Eastern,2023,44.0,49.0,32.0,41.0,41.0,53.0,59.0,59.0,51.0,34.0,70.0,6.0,29.0,56.00000000000001,62.0,83.0,45.0,40.0,41.4,45.12,57.2,Eastern,Mambwe,1314379.0,943489.0,36940.0,524147.0,234628.0,36255.0,3089838.0,Eastern,Mambwe,matched,
Mansa,Luapula,2023,44.0,41.0,32.0,41.0,41.0,53.0,59.0,59.0,51.0,90.0,51.0,59.0,91.0,32.0,74.0,44.0,45.0,7.000000000000001,39.8,64.12,40.4,Luapula,Mansa,2011214.0,4979300.0,151313.0,2826366.0,1985803.0,851902.0,12805898.0,Luapula,Mansa Municipal Council,matched,council suffix removed: Mansa Municipal Council -> Mansa
Manyinga,North-Western,2023,44.0,7.000000000000001,32.0,41.0,41.0,53.0,59.0,59.0,51.0,62.0,22.0,42.0,57.99999999999999,74.0,30.0,44.0,45.0,21.0,33.0,50.75,42.8,North-Western,Manyinga,25551.0,562209.0,10901.0,1505243.0,33035.0,0.0,2136939.0,North Western,Manyinga,matched,province normalized: North Western -> North-Western
Masaiti,Copperbelt,2023,44.0,55.00000000000001,32.0,41.0,41.0,53.0,59.0,59.0,51.0,54.0,18.0,28.000000000000004,55.00000000000001,32.0,86.0,54.0,45.0,37.0,42.6,47.12,50.8,Copperbelt,Masaiti,11716196.0,422386.0,22001.0,889034.0,267579.0,29918.0,13347114.0,Copperbelt,Masaiti,matched,
Mazabuka,Southern,2023,93.0,61.0,66.0,41.0,41.0,53.0,59.0,59.0,51.0,51.0,14.000000000000002,7.000000000000001,50.0,36.0,88.0,16.0,45.0,94.0,60.4,43.0,55.8,Southern,Mazabuka,5492067.0,18752101.0,1442764.0,131044.0,1604766.0,42096.0,27464838.0,Southern,Mazabuka Municipal Council,matched,council suffix removed: Mazabuka Municipal Council -> Mazabuka
Mbala,Northern,2023,44.0,41.0,32.0,41.0,41.0,53.0,59.0,59.0,51.0,87.0,93.0,13.0,84.0,26.0,63.0,72.0,45.0,43.0,39.8,62.38,49.8,Northern,Mbala,1120009.0,2293205.0,145046.0,312303.0,198549.0,5728.0,4074840.0,Northern,Mbala Municipal Council,matched,council suffix removed: Mbala Municipal Council -> Mbala
Milengi,Luapula,2023,44.0,48.0,84.0,41.0,41.0,53.0,59.0,59.0,51.0,90.0,56.99999999999999,18.0,88.0,76.0,24.0,98.0,45.0,1.0,51.6,59.38,48.8,Luapula,Milengi,17380.0,587187.0,9105.0,53097.0,3630.0,0.0,670399.0,Luapula,Milenge,matched,district spelling normalized: Milenge -> Milengi
Mitete,Western,2023,44.0,7.000000000000001,84.0,41.0,41.0,53.0,59.0,59.0,51.0,32.0,19.0,15.0,26.0,92.0,19.0,86.0,45.0,51.0,43.4,39.25,58.6,Western,Mitete,13665.0,1285584.0,550.0,5498.0,500.0,104150.0,1409947.0,Western,Mitete,matched,
Mkushi,Central,2023,44.0,49.0,32.0,41.0,41.0,53.0,59.0,59.0,51.0,82.0,65.0,65.0,85.0,53.0,63.0,48.0,45.0,93.0,41.4,64.88,60.4,Central,Mkushi,830478.0,1414684.0,50050.0,4982769.0,682810.0,0.0,7960791.0,Central,Mkushi,matched,
Mongu,Western,2023,44.0,31.0,32.0,41.0,41.0,53.0,59.0,59.0,51.0,30.0,15.0,32.0,25.0,38.0,57.99999999999999,13.0,45.0,54.0,37.8,40.5,41.6,Western,Mongu,1644548.0,4196332.0,269994.0,1689328.0,2050095.0,0.0,9850297.0,Western,Mongu Municipal Council,matched,council suffix removed: Mongu Municipal Council -> Mongu
Monze,Southern,2023,44.0,41.0,32.0,41.0,41.0,53.0,59.0,59.0,51.0,36.0,25.0,15.0,33.0,24.0,81.0,19.0,45.0,90.0,39.8,41.38,51.8,Southern,Monze,920780.0,2242374.0,198638.0,802735.0,1764705.0,0.0,5929232.0,Southern,Monze,matched,
Mpika,Muchiga,2023,44.0,43.0,32.0,41.0,41.0,53.0,59.0,59.0,51.0,89.0,83.0,15.0,96.0,87.0,60.0,14.000000000000002,45.0,43.0,40.2,63.12,49.8,Muchinga,Mpika,2218971.0,7075273.0,83027.0,1010707.0,958979.0,190592.0,11537549.0,Muchinga,Mpika,matched,score province normalized: Muchiga -> Muchinga
Mpongwe,Copperbelt,2023,44.0,64.0,32.0,41.0,41.0,53.0,59.0,59.0,51.0,55.00000000000001,36.0,65.0,46.0,64.0,67.0,72.0,45.0,88.0,44.4,53.0,67.2,Copperbelt,Mpongwe,625370.0,4792041.0,39928.0,1704802.0,379729.0,0.0,7541870.0,Copperbelt,Mpongwe,matched,
Mporokoso,Northern,2023,44.0,7.000000000000001,84.0,41.0,41.0,53.0,59.0,59.0,51.0,89.0,74.0,55.00000000000001,86.0,62.0,41.0,69.0,45.0,1.0,43.4,65.75,43.6,Northern,Mporokoso,187574.0,871487.0,121817.0,188773.0,46817.0,0.0,1416468.0,Northern ,Mporokoso,matched,
Mpulungu,Northern,2023,44.0,61.0,84.0,41.0,41.0,53.0,59.0,59.0,51.0,93.0,91.0,31.0,95.0,64.0,51.0,15.0,45.0,35.0,54.2,66.5,42.0,Northern,Mpulungu,1895828.0,947685.0,272492.0,1015812.0,88105.0,8702.0,4228624.0,Northern ,Mpulungu,matched,
Mufulira,Copperbelt,2023,44.0,44.0,32.0,41.0,41.0,53.0,59.0,59.0,51.0,50.0,4.0,24.0,64.0,11.0,89.0,5.0,45.0,24.0,40.4,45.5,34.8,Copperbelt,Mufulira,54545749.0,12092346.0,1079499.0,0.0,1952491.0,0.0,69670085.0,Copperbelt,Mufulira Municipal Council,matched,council suffix removed: Mufulira Municipal Council -> Mufulira
Mufumbwe,North-Western,2023,44.0,61.0,32.0,41.0,41.0,53.0,59.0,59.0,51.0,49.0,32.0,49.0,27.0,98.0,59.0,51.0,45.0,57.99999999999999,43.8,47.38,62.2,North-Western,Mufumbwe,6213.0,1640696.0,300.0,1359325.0,94152.0,0.0,3100686.0,North Western,Mufumbwe,matched,province normalized: North Western -> North-Western
Mulobezi,Western,2023,44.0,7.000000000000001,84.0,41.0,41.0,53.0,59.0,59.0,51.0,31.0,23.0,36.0,13.0,100.0,43.0,28.000000000000004,45.0,41.0,43.4,40.62,51.4,Western,Mulobezi,15260.0,625566.0,8130.0,148206.0,39192.0,0.0,836354.0,Western,Mulobezi,matched,
Mumbwa,Central,2023,44.0,55.00000000000001,32.0,41.0,41.0,53.0,59.0,59.0,51.0,28.000000000000004,31.0,81.0,6.0,68.0,81.0,43.0,45.0,98.0,42.6,46.0,67.0,Central,Mumbwa,1433374.0,7007523.0,1875956.0,781946.0,1537236.0,0.0,12636035.0,Central,Mumbwa,matched,
Mungwi,Northern,2023,44.0,55.00000000000001,32.0,41.0,41.0,53.0,59.0,59.0,51.0,89.0,91.0,28.000000000000004,92.0,51.0,43.0,69.0,45.0,38.0,42.6,65.25,49.2,Northern,Mungwi,126586.0,519710.0,178705.0,1856.0,35728.0,134334.0,996919.0,Northern ,Mungwi,matched,
Mushindano,North-Western,2023,44.0,7.000000000000001,84.0,41.0,41.0,53.0,59.0,59.0,51.0,52.0,10.0,40.0,38.0,94.0,44.0,99.0,45.0,13.0,43.4,45.25,59.0,North-Western,Mushindano,9289.0,5375671.4,72606.0,49163.1,255075.0,0.0,5761804.5,North Western,Mushindamo,matched,province normalized: North Western -> North-Western; district spelling normalized: Mushindamo -> Mushindano
Mwandi,Western,2023,44.0,56.99999999999999,84.0,41.0,41.0,53.0,59.0,59.0,51.0,38.0,20.0,62.0,32.0,96.0,61.0,11.0,45.0,53.0,53.4,46.75,53.2,Western,Mwandi,6442.0,178955.0,8790.0,145331.0,22895.0,0.0,362413.0,Western,Mwandi,matched,
Mwansabombwe,Luapula,2023,44.0,43.0,84.0,41.0,41.0,53.0,59.0,59.0,51.0,50.0,53.0,80.0,65.0,22.0,64.0,45.0,45.0,2.0,50.6,58.75,35.6,Luapula,Mwansabombwe,10177.0,589333.0,325.0,99539.0,231420.0,0.0,930794.0,Luapula,Mwansabombwe,matched,
Mwense,Luapula,2023,44.0,97.0,32.0,41.0,41.0,53.0,59.0,59.0,51.0,79.0,50.0,17.0,78.0,32.0,85.0,56.00000000000001,45.0,5.0,51.0,55.75,44.6,Luapula,Mwense,1341103.0,1725345.0,17590.0,235416.0,168709.0,0.0,3488163.0,Luapula,Mwense,matched,
Mwinilunga,North-Western,2023,44.0,16.0,32.0,41.0,41.0,53.0,59.0,59.0,51.0,27.0,12.0,40.0,7.000000000000001,88.0,25.0,56.99999999999999,45.0,27.0,34.8,38.5,48.4,North-Western,Mwinilunga,37050.0,1170105.0,556790.0,905207.0,124213.0,0.0,2793365.0,North Western,Mwinilunga,matched,province normalized: North Western -> North-Western
Nakonde,Muchiga,2023,44.0,28.000000000000004,32.0,41.0,41.0,53.0,59.0,59.0,51.0,84.0,98.0,12.0,84.0,36.0,77.0,18.0,45.0,57.99999999999999,37.2,62.5,46.8,Muchinga,Nakonde,10057.0,32215657.0,209514.0,1344869.0,2179644.0,0.0,35959741.0,Muchinga,Nakonde,matched,score province normalized: Muchiga -> Muchinga
Nalolo,Western,2023,44.0,14.000000000000002,84.0,41.0,41.0,53.0,59.0,59.0,51.0,31.0,14.000000000000002,49.0,29.0,62.0,32.0,43.0,45.0,59.0,44.8,43.12,48.2,Western,Nalolo,12983.0,65583.0,6900.0,309740.0,0.0,0.0,395206.0,Western,Nalolo,matched,
Namwala,Southern,2023,44.0,38.0,84.0,41.0,41.0,53.0,59.0,59.0,51.0,80.0,22.0,29.0,81.0,41.0,60.0,27.0,45.0,94.0,49.6,54.25,53.4,Southern,Namwala,109433.0,1142806.0,63590.0,2096304.0,293393.0,0.0,3705526.0,Southern,Namwala,matched,
Nchelenge,Luapula,2023,44.0,29.0,32.0,41.0,41.0,53.0,59.0,59.0,51.0,82.0,46.0,38.0,82.0,16.0,42.0,55.00000000000001,45.0,3.0,37.4,58.75,32.2,Luapula,Nchelenge,67589.0,1337225.0,50.0,872460.0,85355.0,0.0,2362679.0,Luapula,Nchelenge,matched,
Ndola,Copperbelt,2023,95.0,72.0,66.0,41.0,41.0,53.0,59.0,59.0,51.0,3.0,3.0,4.0,29.0,8.0,99.0,5.0,45.0,28.000000000000004,63.0,32.62,37.0,Copperbelt,Ndola,45214194.0,24594349.0,8055226.0,0.0,14955045.0,-142289.0,92676525.0,Copperbelt,Ndola City Coucil,matched,council suffix removed: Ndola City Coucil -> Ndola
Ngabwe,Central,2023,44.0,7.000000000000001,32.0,41.0,41.0,53.0,59.0,59.0,51.0,43.0,38.0,77.0,34.0,96.0,38.0,96.0,45.0,61.0,33.0,51.75,67.2,Central,Ngabwe,4770.0,304722.0,111873.0,139798.0,21121.0,0.0,582284.0,Central,Ngabwe,matched,
Nkeyema,Western,2023,44.0,14.000000000000002,84.0,41.0,41.0,53.0,59.0,59.0,51.0,48.0,24.0,77.0,46.0,42.0,46.0,85.0,45.0,64.0,44.8,52.12,56.4,Western,Nkeyema,16390.0,231852.0,6680.0,1022458.0,26564.0,0.0,1303944.0,Western,Nkeyema,matched,
Nsama,Northern,2023,44.0,19.0,32.0,41.0,41.0,53.0,59.0,59.0,51.0,96.0,86.0,5.0,96.0,84.0,66.0,79.0,45.0,26.0,35.4,63.12,60.0,Northern,Nsama,4410.0,408851.0,200.0,179815.0,50248.0,2900.0,646424.0,Northern ,Nsama,matched,
Nyimba,Eastern,2023,44.0,92.0,32.0,41.0,41.0,53.0,59.0,59.0,51.0,13.0,63.0,19.0,5.0,74.0,76.0,40.0,45.0,70.0,50.0,40.25,61.0,Eastern,Nyimba,1038986.0,2330731.0,32768.0,655748.0,375866.0,0.0,4434099.0,Eastern,NyimbaTown Council,matched,council suffix removed: NyimbaTown Council -> Nyimba
Pemba,Southern,2023,44.0,84.0,32.0,41.0,41.0,53.0,59.0,59.0,51.0,33.0,31.0,33.0,44.0,27.0,66.0,52.0,45.0,67.0,48.4,45.38,51.4,Southern,Pemba,19891.0,806210.0,65563.0,273847.0,65264.0,0.0,1230775.0,Southern,Pemba,matched,
Petauke,Eastern,2023,44.0,75.0,32.0,41.0,41.0,53.0,59.0,59.0,51.0,77.0,79.0,75.0,77.0,13.0,73.0,20.0,45.0,93.0,46.6,66.25,48.8,Eastern,Petauke,2090002.0,3274795.0,26702.0,943224.0,1401319.0,315000.0,8051042.0,Eastern,Petauke,matched,
Rufunsa,Lusaka,2023,44.0,94.0,84.0,41.0,41.0,53.0,59.0,59.0,51.0,33.0,74.0,48.0,20.0,88.0,62.0,83.0,45.0,37.0,60.8,49.62,63.0,Lusaka,Rufunsa,21682.0,2706701.0,114405.0,240306.0,135779.0,230203.0,3449076.0,Lusaka,Rufunsa,matched,
Samfya,Luapula,2023,44.0,80.0,84.0,41.0,41.0,53.0,59.0,59.0,51.0,80.0,65.0,9.0,79.0,24.0,39.0,52.0,45.0,40.0,58.0,56.88,40.0,Luapula,Samfya,545943.0,789134.0,10193.0,814531.0,404647.0,0.0,2564448.0,Luapula,Samfya,matched,
Senanga,Western,2023,44.0,48.0,84.0,41.0,41.0,53.0,59.0,59.0,51.0,38.0,17.0,26.0,21.0,74.0,31.0,17.0,45.0,47.0,51.6,40.5,42.8,Western,Senanga,287309.0,694457.0,431327.0,132914.0,185421.0,529517.0,2260945.0,Western,Senanga,matched,
Senga Hill,Northern,2023,44.0,7.000000000000001,84.0,41.0,41.0,53.0,59.0,59.0,51.0,92.0,92.0,27.0,89.0,48.0,48.0,90.0,45.0,31.0,43.4,65.25,52.4,Northern,Senga Hill,57870.0,644925.0,93698.0,255.0,4650.0,0.0,801398.0,Northern ,Senga Hill,matched,
Serenje,Central,2023,44.0,28.000000000000004,32.0,41.0,41.0,53.0,59.0,59.0,51.0,85.0,69.0,36.0,90.0,68.0,56.00000000000001,66.0,45.0,66.0,37.2,62.75,60.2,Central,Serenje,564852.0,4866505.0,342544.0,1391043.0,675025.0,0.0,7839969.0,Central,Serenje,matched,
Sesheke,Western,2023,44.0,65.0,32.0,41.0,41.0,53.0,59.0,59.0,51.0,45.0,14.000000000000002,96.0,28.000000000000004,96.0,65.0,13.0,45.0,81.0,44.6,50.62,60.0,Western,Sesheke,197993.0,3195911.0,95800.0,848673.0,234990.0,0.0,4573367.0,Western,Sesheke,matched,
Shangombo,Western,2023,44.0,46.0,32.0,41.0,41.0,53.0,59.0,59.0,51.0,75.0,12.0,73.0,75.0,86.0,45.0,83.0,45.0,71.0,40.8,57.12,66.0,Western,Shangombo,19885.0,1557143.0,1064.0,699809.0,1600.0,0.0,2279501.0,Western,Shangombo,matched,
Shibuyunji,Central,2023,44.0,27.0,32.0,41.0,41.0,53.0,59.0,59.0,51.0,80.0,7.000000000000001,75.0,77.0,21.0,74.0,56.00000000000001,45.0,79.0,37.0,57.62,55.0,Central,Shibuyunji,6119392.0,602486.0,26700.0,282962.0,163733.0,0.0,7195273.0,Central,Shibuyunji,matched,
Shiwang'Andu,Muchiga,2023,44.0,7.000000000000001,32.0,41.0,41.0,53.0,59.0,59.0,51.0,90.0,86.0,10.0,93.0,85.0,49.0,63.0,45.0,18.0,33.0,62.62,52.0,Muchinga,Shiwang'Andu,78138.0,1018737.0,11200.0,120958.0,49350.0,0.0,1278383.0,Muchinga,Shiwang'andu,matched,score province normalized: Muchiga -> Muchinga; score district normalized: Shiwang'Andu -> Shiwang'andu
Siavonga,Southern,2023,93.0,57.99999999999999,84.0,41.0,41.0,53.0,59.0,59.0,51.0,6.0,48.0,86.0,15.0,54.0,84.0,19.0,45.0,56.99999999999999,63.4,47.12,51.8,Southern,Siavonga,7417345.0,4208325.0,119230.0,9011599.0,329117.0,0.0,21085616.0,Southern,Siavonga,matched,
Sikongo,Western,2023,44.0,7.000000000000001,84.0,41.0,41.0,53.0,59.0,59.0,51.0,28.000000000000004,13.0,38.0,18.0,84.0,32.0,24.0,45.0,74.0,43.4,39.88,51.8,Western,Sikongo,11598.0,624414.0,6140.0,19794.0,1200.0,139395.0,802541.0,Western,Sikongo,matched,
Sinazongwe,Southern,2023,44.0,93.0,32.0,41.0,41.0,53.0,59.0,59.0,51.0,10.0,17.0,60.0,11.0,42.0,81.0,17.0,45.0,73.0,50.2,40.0,51.6,Southern,Sinazongwe,4895758.0,911687.0,821094.0,3311859.0,192964.0,0.0,10133362.0,Southern,Sinazongwe,matched,
Sinda,Eastern,2023,44.0,93.0,32.0,41.0,41.0,53.0,59.0,59.0,51.0,76.0,78.0,84.0,76.0,10.0,61.0,77.0,45.0,90.0,50.2,67.0,56.6,Eastern,Sinda,89836.0,1128880.0,382772.0,570.0,85995.0,0.0,1688053.0,Eastern,Sinda,matched,
Sioma,Western,2023,44.0,75.0,32.0,41.0,41.0,53.0,59.0,59.0,51.0,79.0,12.0,91.0,81.0,84.0,56.00000000000001,67.0,45.0,82.0,46.6,60.62,66.8,Western,Sioma,16133.0,210500.0,5250.0,153659.0,4500.0,0.0,390042.0,Western,Sioma,matched,
Solwezi,North-Western,2023,44.0,79.0,32.0,41.0,41.0,53.0,59.0,59.0,51.0,9.0,10.0,56.99999999999999,16.0,30.0,93.0,84.0,45.0,5.0,47.4,39.25,51.4,North-Western,Solwezi,80326212.0,6805577.0,266093.0,2716847.0,1686980.0,-11565.0,91790144.0,North Western,Solwezi Municipal Council,matched,province normalized: North Western -> North-Western; council suffix removed: Solwezi Municipal Council -> Solwezi
Vubwi,Eastern,2023,44.0,7.000000000000001,32.0,41.0,41.0,53.0,59.0,59.0,51.0,79.0,56.99999999999999,70.0,76.0,16.0,39.0,50.0,45.0,42.0,33.0,63.0,38.4,Eastern,Vubwi,12391.0,624867.0,5200.0,120950.0,12655.0,0.0,776063.0,Eastern,Vubwi,matched,
Zambezi,North-Western,2023,44.0,66.0,32.0,41.0,41.0,53.0,59.0,59.0,51.0,28.000000000000004,18.0,30.0,10.0,84.0,17.0,20.0,45.0,60.0,44.8,38.5,45.2,North-Western,Zambezi,169128.0,1760496.0,100462.0,400564.0,30932.0,0.0,2461582.0,North Western,Zambezi,matched,province normalized: North Western -> North-Western
Zimba,Southern,2023,44.0,81.0,32.0,41.0,41.0,53.0,59.0,59.0,51.0,15.0,24.0,57.99999999999999,14.000000000000002,57.99999999999999,67.0,32.0,45.0,85.0,47.8,41.62,57.4,Southern,Zimba,128665.0,1802093.0,87261.0,478570.0,200434.0,0.0,2697023.0,Southern,Zimba,matched,
Chadiza,Eastern,2024,44.0,96.0,32.0,41.0,41.0,53.0,59.0,59.0,51.0,52.0,69.0,92.0,64.0,12.0,57.99999999999999,68.0,45.0,85.0,50.8,62.38,53.6,Eastern,Chadiza,25669.0,647609.0,32214.0,2950570.0,262816.0,0.0,3960211.0,Eastern,Chadiza,matched,
Chama,Muchiga,2024,44.0,54.0,84.0,41.0,41.0,53.0,59.0,59.0,51.0,18.0,82.0,3.0,4.0,88.0,56.00000000000001,78.0,45.0,33.0,52.8,41.12,60.0,Muchinga,Chama,46462.0,656700.0,25300.0,327435.0,118186.0,816827.0,2003515.0,Eastern,Chama,matched,OSR province differs from score/admin geography: Eastern -> Muchinga; score province normalized: Muchiga -> Muchinga
Chasefu,Eastern,2024,44.0,56.00000000000001,32.0,41.0,41.0,53.0,59.0,59.0,51.0,39.0,80.0,1.0,42.0,25.0,46.0,94.0,45.0,72.0,42.8,48.0,56.4,Eastern,Chasefu,18728.0,280117.0,1945.0,173782.0,10765.0,0.0,485337.0,Eastern,Chasefu,matched,
Chavuma,North-Western,2024,44.0,70.0,32.0,41.0,41.0,53.0,59.0,59.0,51.0,20.0,10.0,56.00000000000001,20.0,69.0,38.0,45.0,45.0,51.0,45.6,41.0,49.6,North-Western,Chavuma,22810.0,1046827.0,5331.0,283888.0,20924.0,0.0,1825689.0,North Western,Chavuma,matched,province normalized: North Western -> North-Western
Chembe,Luapula,2024,44.0,99.0,32.0,41.0,41.0,53.0,59.0,59.0,51.0,4.0,21.0,70.0,16.0,57.99999999999999,83.0,97.0,45.0,28.000000000000004,51.4,41.62,62.2,Luapula,Chembe,19775.0,4170831.0,46226.0,919400.0,173741.0,0.0,5329973.0,Luapula,Chembe,matched,
Chibombo,Central,2024,96.0,78.0,64.0,41.0,41.0,53.0,59.0,59.0,51.0,32.0,19.0,97.0,20.0,35.0,87.0,96.0,45.0,99.0,64.0,48.75,72.4,Central,Chibombo,131007.0,3860941.0,1119305.0,2926839.0,3661552.0,-4916.0,18084664.0,Central,Chibombo,matched,
Chiengi,Luapula,2024,44.0,26.0,32.0,41.0,41.0,53.0,59.0,59.0,51.0,19.0,23.0,35.0,23.0,21.0,59.0,64.0,45.0,14.000000000000002,36.8,40.25,40.6,Luapula,Chiengi,35951.0,616570.0,2924.0,877943.0,68731.0,287159.0,1889278.0,Luapula,Chienge,matched,district spelling normalized: Chienge -> Chiengi
Chifunabuli,Luapula,2024,44.0,62.0,32.0,41.0,41.0,53.0,59.0,59.0,51.0,34.0,49.0,84.0,39.0,26.0,22.0,98.0,45.0,21.0,44.0,53.5,42.4,Luapula,Chifunabuli,24276.0,742681.0,190296.0,129976.0,163475.0,0.0,1250704.0,Luapula,Chifunabuli,matched,
Chikankanta,Southern,2024,44.0,71.0,84.0,41.0,41.0,53.0,59.0,59.0,51.0,34.0,31.0,89.0,40.0,43.0,85.0,74.0,45.0,83.0,56.2,52.0,66.0,Southern,Chikankanta,38774.0,967258.0,246997.0,387275.0,41538.0,0.0,14761267.0,Southern,Chikankata,matched,district spelling normalized: Chikankata -> Chikankanta
Chilanga,Lusaka,2024,44.0,82.0,32.0,41.0,41.0,53.0,59.0,59.0,51.0,18.0,1.0,31.0,38.0,30.0,97.0,64.0,45.0,81.0,48.0,38.75,63.4,Lusaka,Chilanga,293033.0,3317893.0,3360497.0,3913397.0,1388821.0,0.0,17560245.0,Lusaka,Chilanga,matched,
Chililabombwe,Copperbelt,2024,44.0,72.0,32.0,41.0,41.0,53.0,59.0,59.0,51.0,3.0,6.0,71.0,28.000000000000004,21.0,95.0,60.0,45.0,13.0,46.0,41.25,46.8,Copperbelt,Chililabombwe,139929.0,35725357.0,1097387.0,23725392.0,4220786.0,0.0,92528348.0,Copperbelt,Chililabombwe Municipal Council,matched,council suffix removed: Chililabombwe Municipal Council -> Chililabombwe
Chilubi,Northern,2024,44.0,20.0,32.0,41.0,41.0,53.0,59.0,59.0,51.0,19.0,51.0,73.0,18.0,49.0,28.000000000000004,96.0,45.0,36.0,35.6,47.88,50.8,Northern,Chilubi,22890.0,512078.0,900.0,203119.0,5370.0,14535.0,758892.0,Northern,Chilubi,matched,
Chingola,Copperbelt,2024,44.0,57.99999999999999,84.0,41.0,41.0,53.0,59.0,59.0,51.0,7.000000000000001,3.0,65.0,24.0,13.0,93.0,30.0,45.0,32.0,53.6,40.12,42.6,Copperbelt,Chingola,158312.0,8554475.0,690806.0,3177161.0,4673349.0,0.0,94630089.0,Copperbelt,Chingola Municipal Council,matched,council suffix removed: Chingola Municipal Council -> Chingola
Chinsali,Muchiga,2024,44.0,51.0,84.0,41.0,41.0,53.0,59.0,59.0,51.0,22.0,79.0,6.0,17.0,52.0,64.0,43.0,45.0,36.0,52.2,43.25,48.0,Muchinga,Chinsali,91443.0,2297564.0,337531.0,524895.0,982888.0,135967.0,4760378.0,Muchinga,Chinsali Municipal Council,matched,council suffix removed: Chinsali Municipal Council -> Chinsali; score province normalized: Muchiga -> Muchinga
Chipangali,Eastern,2024,44.0,7.000000000000001,32.0,41.0,41.0,53.0,59.0,59.0,51.0,29.0,74.0,7.000000000000001,36.0,14.000000000000002,56.99999999999999,96.0,45.0,84.0,33.0,46.0,59.2,Eastern,Chipangali,31125.0,103837.0,26675.0,1275192.0,87596.0,0.0,1524425.0,Eastern,Chipangali,matched,
Chipata,Eastern,2024,95.0,77.0,84.0,41.0,41.0,53.0,59.0,59.0,51.0,36.0,67.0,85.0,46.0,1.0,88.0,35.0,45.0,87.0,67.6,57.0,51.2,Eastern,Chipata,218933.0,9056789.0,4141907.0,1724687.0,4975934.0,186130.0,30736011.0,Eastern,Chipata City Council,matched,council suffix removed: Chipata City Council -> Chipata
Chipili,Luapula,2024,44.0,14.000000000000002,84.0,41.0,41.0,53.0,59.0,59.0,51.0,4.0,27.0,26.0,7.000000000000001,75.0,63.0,91.0,45.0,6.0,44.8,35.75,56.0,Luapula,Chipili,11663.0,241184.0,2000.0,22352.0,2350.0,0.0,279549.0,Luapula,Chipili,matched,
Chirundu,Lusaka,2024,44.0,55.00000000000001,84.0,41.0,41.0,53.0,59.0,59.0,51.0,44.0,52.0,90.0,56.99999999999999,35.0,87.0,79.0,45.0,64.0,53.0,58.12,62.0,Lusaka,Chirundu,42190.0,20235610.0,371877.0,186848.0,2073393.0,0.0,23204297.0,Southern,Chirundu,matched,OSR province differs from score/admin geography: Southern -> Lusaka
Chisamba,Central,2024,44.0,40.0,32.0,41.0,41.0,53.0,59.0,59.0,51.0,37.0,63.0,77.0,33.0,50.0,85.0,76.0,45.0,91.0,39.6,54.0,69.4,Central,Chisamba,69545.0,2326051.0,394884.0,829453.0,364239.0,88157.0,6138827.0,Central,Chisamba,matched,
Chitambo,Central,2024,44.0,31.0,32.0,41.0,41.0,53.0,59.0,59.0,51.0,8.0,56.00000000000001,36.0,2.0,89.0,63.0,88.0,45.0,57.99999999999999,37.8,40.5,68.6,Central,Chitambo,4405.0,73529.0,34858.0,41002.0,55358.0,-3653.0,205499.0,Central,Chitambo,matched,
Choma,Southern,2024,44.0,87.0,32.0,41.0,41.0,53.0,59.0,59.0,51.0,48.0,26.0,11.0,43.0,29.0,83.0,27.0,45.0,90.0,49.0,43.75,54.8,Southern,Choma,141693.0,3973583.0,540128.0,2491512.0,2046669.0,-470841.0,11015859.0,Southern,Choma Municipal Council,matched,council suffix removed: Choma Municipal Council -> Choma
Chongwe,Lusaka,2024,97.0,91.0,66.0,41.0,41.0,53.0,59.0,59.0,51.0,29.0,13.0,38.0,37.0,36.0,97.0,82.0,45.0,84.0,67.2,42.38,68.8,Lusaka,Chongwe,258359.0,7754160.0,715197.0,12057888.0,4538656.0,77829.0,58122671.0,Lusaka,Chongwe,matched,
Gwembe,Southern,2024,44.0,23.0,32.0,41.0,41.0,53.0,59.0,59.0,51.0,56.00000000000001,46.0,87.0,57.99999999999999,56.99999999999999,73.0,39.0,45.0,62.0,36.2,58.62,55.2,Southern,Gwembe,25912.0,684104.0,114230.0,692257.0,41460.0,201253.0,1825741.0,Southern,Gwembe,matched,
Ikelenge,North-Western,2024,44.0,17.0,32.0,41.0,41.0,53.0,59.0,59.0,51.0,11.0,7.000000000000001,38.0,25.0,56.99999999999999,68.0,41.0,45.0,15.0,35.0,37.88,45.2,North-Western,Ikelenge,18242.0,312592.0,88614.0,101720.0,12218.0,15262.0,548648.0,North Western,Ikelenge,matched,province normalized: North Western -> North-Western
Isoka,Muchiga,2024,44.0,28.000000000000004,84.0,41.0,41.0,53.0,59.0,59.0,51.0,24.0,84.0,1.0,24.0,51.0,48.0,81.0,45.0,21.0,47.6,44.38,49.2,Muchinga,Isoka,50500.0,2369356.0,8580.0,1027681.0,200773.0,70403.0,3882754.0,Muchinga,Isoka,matched,score province normalized: Muchiga -> Muchinga
Itezhi-Tezhi,Central,2024,44.0,85.0,32.0,41.0,41.0,53.0,59.0,59.0,51.0,8.0,14.000000000000002,93.0,1.0,96.0,84.0,41.0,45.0,97.0,48.6,42.25,72.6,Central,Itezhi-Tezhi,54939.0,1130319.0,155411.0,1082632.0,313007.0,0.0,6825889.0,Central,Itezhi-tezhi,matched,score district normalized: Itezhi-Tezhi -> Itezhi-tezhi
Kabompo,North-Western,2024,44.0,96.0,84.0,41.0,41.0,53.0,59.0,59.0,51.0,2.0,16.0,64.0,2.0,84.0,64.0,78.0,45.0,44.0,61.2,38.25,63.0,North-Western,Kabompo,31337.0,911049.0,25631.0,1400202.0,175704.0,0.0,3156073.0,North Western,Kabompo,matched,province normalized: North Western -> North-Western
Kabwe,Central,2024,97.0,70.0,66.0,41.0,41.0,53.0,59.0,59.0,51.0,20.0,30.0,51.0,38.0,10.0,93.0,41.0,45.0,72.0,63.0,45.12,52.2,Central,Kabwe,493281.0,8465607.0,814916.0,2349426.0,6424932.0,-7999.0,34062938.0,Central,Kabwe Municipal Council,matched,council suffix removed: Kabwe Municipal Council -> Kabwe
Kafue,Lusaka,2024,44.0,83.0,32.0,41.0,41.0,53.0,59.0,59.0,51.0,10.0,21.0,94.0,12.0,51.0,90.0,66.0,45.0,77.0,48.2,44.88,65.8,Lusaka,Kafue,215476.0,4057727.0,2316775.0,2785989.0,3224487.0,121376.0,24291213.0,Lusaka,Kafue,matched,
Kalabo,Western,2024,44.0,98.0,32.0,41.0,41.0,53.0,59.0,59.0,51.0,23.0,26.0,83.0,13.0,77.0,74.0,68.0,45.0,99.0,51.2,45.88,72.6,Western,Kalabo,33525.0,218295.0,23847.0,383937.0,90837.0,295332.0,1045773.0,Western,Kalabo,matched,
Kalomo,Southern,2024,44.0,99.0,32.0,41.0,41.0,53.0,59.0,59.0,51.0,56.99999999999999,36.0,37.0,48.0,39.0,66.0,27.0,45.0,100.0,51.4,50.0,55.4,Southern,Kalomo,51832.0,964311.0,42080.0,406625.0,500399.0,0.0,2627270.0,Southern,Kalomo,matched,
Kalulushi,Copperbelt,2024,44.0,90.0,32.0,41.0,41.0,53.0,59.0,59.0,51.0,40.0,2.0,67.0,56.00000000000001,19.0,96.0,56.00000000000001,45.0,13.0,49.6,48.38,45.8,Copperbelt,Kalulushi,222327.0,3862315.0,1778070.0,128972.0,1553297.0,0.0,105847539.0,Copperbelt,Kalulushi Municipal Council,matched,council suffix removed: Kalulushi Municipal Council -> Kalulushi
Kalumbila,North-Western,2024,98.0,73.0,32.0,41.0,41.0,53.0,59.0,59.0,51.0,10.0,8.0,61.0,1.0,89.0,86.0,95.0,45.0,25.0,57.0,37.75,68.0,North-Western,Kalumbila,59265.0,1837887.0,351760.0,2080801.0,369235.0,0.0,120243821.0,North Western,Kalumbila,matched,province normalized: North Western -> North-Western
Kanchibiya,Muchiga,2024,44.0,7.000000000000001,32.0,41.0,41.0,53.0,59.0,59.0,51.0,5.0,63.0,52.0,3.0,76.0,59.0,97.0,45.0,68.0,33.0,43.12,69.0,Muchinga,Kanchibiya,20804.0,737415.0,0.0,188805.0,14850.0,0.0,961874.0,Muchinga,Kanchibiya,matched,score province normalized: Muchiga -> Muchinga
Kaoma,Western,2024,44.0,33.0,32.0,41.0,41.0,53.0,59.0,59.0,51.0,13.0,20.0,82.0,6.0,65.0,76.0,42.0,45.0,65.0,38.2,42.88,58.6,Western,Kaoma,51091.0,1184048.0,177307.0,1610058.0,345670.0,0.0,3955194.0,Western,Kaoma,matched,
Kapiri Mposhi,Central,2024,44.0,65.0,32.0,41.0,41.0,53.0,59.0,59.0,51.0,35.0,56.00000000000001,89.0,20.0,39.0,82.0,80.0,45.0,100.0,44.6,52.75,69.2,Central,Kapiri Mposhi,76535.0,13500257.0,466130.0,2460216.0,972270.0,18756.0,19948659.0,Central,Kapiri Mposhi,matched,
Kaputa,Northern,2024,44.0,85.0,84.0,41.0,41.0,53.0,59.0,59.0,51.0,6.0,28.000000000000004,14.000000000000002,8.0,57.99999999999999,66.0,62.0,45.0,19.0,59.0,34.75,50.0,Northern,Kaputa,25448.0,838554.0,36300.0,326226.0,66882.0,119121.0,1412531.0,Northern,Kaputa,matched,
Kasama,Northern,2024,44.0,79.0,32.0,41.0,41.0,53.0,59.0,59.0,51.0,12.0,60.0,21.0,5.0,42.0,75.0,48.0,45.0,36.0,47.4,40.0,49.2,Northern,Kasama,131599.0,5430253.0,298433.0,2674210.0,1993399.0,0.0,13591563.0,Northern,Kasama Municipal Council,matched,council suffix removed: Kasama Municipal Council -> Kasama
Kasempa,North-Western,2024,98.0,100.0,84.0,41.0,41.0,53.0,59.0,59.0,51.0,5.0,28.000000000000004,86.0,0.0,98.0,74.0,72.0,45.0,83.0,72.8,42.62,74.4,North-Western,Kasempa,3295.0,2490978.0,394774.0,519734.0,208277.0,1364542.0,6656597.0,North Western,Kasempa,matched,province normalized: North Western -> North-Western
Kasenengwa,Eastern,2024,44.0,91.0,32.0,41.0,41.0,53.0,59.0,59.0,51.0,46.0,73.0,75.0,53.0,8.0,47.0,99.0,45.0,90.0,49.8,58.62,57.8,Eastern,Kasenengwa,20985.0,406083.0,123545.0,182841.0,335490.0,0.0,1068944.0,Eastern,Kasenengwa,matched,
Katete,Eastern,2024,44.0,39.0,32.0,41.0,41.0,53.0,59.0,59.0,51.0,49.0,76.0,99.0,54.0,8.0,72.0,61.0,45.0,96.0,39.4,62.5,56.4,Eastern,Katete,27928.0,2140683.0,151960.0,619082.0,1065344.0,77349.0,5032332.0,Eastern,Katete,matched,
Kawambwa,Luapula,2024,44.0,95.0,32.0,41.0,41.0,53.0,59.0,59.0,51.0,3.0,22.0,65.0,2.0,67.0,78.0,80.0,45.0,25.0,50.6,39.25,59.0,Luapula,Kawambwa,49318.0,2155552.0,287192.0,306379.0,516202.0,111536.0,3794314.0,Luapula,Kawambwa,matched,
Kazungula,Southern,2024,44.0,88.0,84.0,41.0,41.0,53.0,59.0,59.0,51.0,29.0,34.0,98.0,9.0,87.0,77.0,31.0,45.0,99.0,59.6,49.0,67.8,Southern,Kazungula,46004.0,13807814.0,82410.0,1196356.0,238435.0,-9173.0,16123256.0,Southern,Kazungula,matched,
Kitwe,Copperbelt,2024,93.0,73.0,68.0,41.0,41.0,53.0,59.0,59.0,51.0,2.0,3.0,60.0,30.0,1.0,98.0,5.0,45.0,17.0,63.2,39.62,33.2,Copperbelt,Kitwe,421093.0,26987694.0,1276633.0,12745201.0,18198555.0,0.0,277757083.0,Copperbelt,Kitwe City Council,matched,council suffix removed: Kitwe City Council -> Kitwe
Lavushimanda,Muchiga,2024,44.0,7.000000000000001,84.0,41.0,41.0,53.0,59.0,59.0,51.0,11.0,55.00000000000001,41.0,3.0,100.0,60.0,96.0,45.0,52.0,43.4,41.5,70.6,Muchinga,Lavushimanda,6853.0,286600.0,4292.0,187589.0,64899.0,0.0,550233.0,Muchinga,Lavushimanda,matched,score province normalized: Muchiga -> Muchinga
Limulunga,Western,2024,44.0,81.0,32.0,41.0,41.0,53.0,59.0,59.0,51.0,30.0,19.0,91.0,32.0,65.0,67.0,61.0,45.0,78.0,47.8,49.25,63.2,Western,Limulunga,18523.0,655413.0,54724.0,712964.0,72608.0,45340.0,1559572.0,Western,Limulunga,matched,
Livingstone,Southern,2024,97.0,86.0,84.0,41.0,41.0,53.0,59.0,59.0,51.0,25.0,17.0,99.0,52.0,9.0,96.0,9.0,45.0,34.0,69.8,51.88,38.6,Southern,Livingstone,240714.1,11842550.0,867808.0,4215065.0,7135251.0,0.0,61323214.7,Southern,Livingstone City Council,matched,council suffix removed: Livingstone City Council -> Livingstone
Luampa,Western,2024,44.0,21.0,32.0,41.0,41.0,53.0,59.0,59.0,51.0,13.0,18.0,69.0,5.0,97.0,56.99999999999999,94.0,45.0,53.0,35.8,40.88,69.2,Western,Luampa,14332.0,202748.0,127013.0,310090.0,1990.0,0.0,656173.0,Western,Luampa,matched,
Luangwa,Lusaka,2024,44.0,93.0,84.0,41.0,41.0,53.0,59.0,59.0,51.0,20.0,82.0,84.0,23.0,88.0,76.0,80.0,45.0,43.0,60.6,53.88,66.4,Lusaka,Luangwa,22292.0,1058363.0,115432.0,1377443.0,117783.0,66760.0,2799363.0,Lusaka,Luangwa,matched,
Luano,Central,2024,44.0,14.000000000000002,32.0,41.0,41.0,53.0,59.0,59.0,51.0,16.0,69.0,85.0,9.0,92.0,76.0,91.0,45.0,82.0,34.4,50.12,77.2,Central,Luano,28466.0,212235.0,73327.0,138050.0,140387.0,-74987.0,2474576.0,Central,Luano,matched,
Luanshya,Copperbelt,2024,89.0,47.0,84.0,41.0,41.0,53.0,59.0,59.0,51.0,20.0,5.0,70.0,45.0,5.0,93.0,4.0,45.0,12.0,60.4,45.25,31.8,Copperbelt,Luanshya,130171.7,4246210.36,574198.3,1775250.68,2164261.7,22353.0,48779706.53,Copperbelt,Luanshya Municipal Council,matched,council suffix removed: Luanshya Municipal Council -> Luanshya
Lufwanyama,Copperbelt,2024,44.0,91.0,84.0,41.0,41.0,53.0,59.0,59.0,51.0,6.0,8.0,90.0,1.0,78.0,81.0,94.0,45.0,46.0,60.2,40.88,68.8,Copperbelt,Lufwanyama,86921.0,2747345.0,498966.0,269427.0,615632.0,26723.0,21827691.0,Copperbelt,Lufwanyama,matched,
Lukulu,Western,2024,44.0,94.0,84.0,41.0,41.0,53.0,59.0,59.0,51.0,6.0,18.0,74.0,3.0,81.0,70.0,71.0,45.0,86.0,60.8,40.38,70.6,Western,Lukulu,18720.0,620888.0,24200.0,492818.0,16810.0,26017.0,1199453.0,Western,Lukulu,matched,
Lumezi,Eastern,2024,44.0,7.000000000000001,32.0,41.0,41.0,53.0,59.0,59.0,51.0,23.0,74.0,3.0,12.0,63.0,61.0,88.0,45.0,80.0,33.0,41.75,67.4,Eastern,Lumezi,9678.0,378320.0,8900.0,164333.0,24977.0,71620.22,657828.22,Eastern,Lumezi,matched,
Lundazi,Eastern,2024,44.0,80.0,32.0,41.0,41.0,53.0,59.0,59.0,51.0,49.0,81.0,3.0,60.0,2.0,69.0,51.0,45.0,86.0,47.6,51.88,50.6,Eastern,Lundazi,76653.0,2349082.0,146536.0,763055.0,395834.0,280871.0,4110759.0,Eastern,Lundazi,matched,
Lunga,Luapula,2024,44.0,7.000000000000001,84.0,41.0,41.0,53.0,59.0,59.0,51.0,52.0,49.0,91.0,52.0,78.0,42.0,74.0,45.0,17.0,43.4,58.25,51.2,Luapula,Lunga,5498.0,17200.0,0.0,32405.0,0.0,15756.0,70859.0,Luapula,Lunga,matched,
Lunte,Northern,2024,44.0,22.0,84.0,41.0,41.0,53.0,59.0,59.0,51.0,10.0,57.99999999999999,79.0,6.0,73.0,52.0,92.0,45.0,7.000000000000001,46.4,46.88,53.8,Northern,Lunte,15235.0,111466.0,3990.0,452653.0,6780.0,0.0,590124.0,Northern,Lunte,matched,
Lupososhi,Northern,2024,44.0,7.000000000000001,84.0,41.0,41.0,53.0,59.0,59.0,51.0,8.0,39.0,67.0,11.0,53.0,46.0,100.0,45.0,3.0,43.4,43.38,49.4,Northern,Lupososhi,13409.0,211599.0,175334.0,13881.0,240.0,0.0,414463.0,Northern,Lupososhi,matched,
Lusaka,Lusaka,2024,95.0,88.0,64.0,41.0,41.0,53.0,59.0,59.0,51.0,0.0,1.0,83.0,21.0,3.0,99.0,1.0,45.0,36.0,65.8,40.88,36.8,Lusaka,Lusaka,3543268.0,101118185.0,5687962.0,53605233.0,79476872.0,8762631.0,392743158.0,Lusaka,Lusaka City Council,matched,council suffix removed: Lusaka City Council -> Lusaka
Lusangazi,Eastern,2024,44.0,7.000000000000001,32.0,41.0,41.0,53.0,59.0,59.0,51.0,74.0,68.0,39.0,74.0,47.0,82.0,99.0,45.0,69.0,33.0,59.62,68.4,Eastern,Lusangazi,9438.0,290911.0,15750.0,108112.0,24940.0,0.0,449151.0,Eastern,Lusangazi,matched,
Luwingu,Northern,2024,44.0,63.0,32.0,41.0,41.0,53.0,59.0,59.0,51.0,11.0,46.0,69.0,12.0,56.00000000000001,56.99999999999999,72.0,45.0,8.0,44.2,45.0,47.6,Northern,Luwingu,37968.0,843829.0,69915.0,411529.0,88258.0,0.0,1549673.0,Northern,Luwingu,matched,
Mafinga,Muchiga,2024,44.0,59.0,32.0,41.0,41.0,53.0,59.0,59.0,51.0,17.0,82.0,10.0,19.0,45.0,42.0,47.0,45.0,35.0,43.4,43.75,42.8,Muchinga,Mafinga,31905.0,918265.0,2790.0,241578.0,83401.0,0.0,1277939.0,Muchinga,Mafinga,matched,score province normalized: Muchiga -> Muchinga
Mambwe,Eastern,2024,98.0,94.0,32.0,41.0,41.0,53.0,59.0,59.0,51.0,25.0,63.0,22.0,20.0,56.99999999999999,69.0,87.0,45.0,62.0,61.2,44.0,64.0,Eastern,Mambwe,30968.0,872130.0,33400.0,714013.0,274395.0,5659.0,5161633.0,Eastern,Mambwe,matched,
Mansa,Luapula,2024,44.0,44.0,32.0,41.0,41.0,53.0,59.0,59.0,51.0,5.0,30.0,71.0,4.0,37.0,84.0,54.0,45.0,11.0,40.4,41.5,46.2,Luapula,Mansa,110088.0,4473933.0,161162.0,3063619.0,1854578.0,431321.0,13923254.0,Luapula,Mansa Municipal Council,matched,council suffix removed: Mansa Municipal Council -> Mansa
Manyinga,North-Western,2024,44.0,100.0,32.0,41.0,41.0,53.0,59.0,59.0,51.0,12.0,12.0,52.0,8.0,75.0,45.0,88.0,45.0,38.0,51.6,38.25,58.2,North-Western,Manyinga,25053.0,529405.0,8667.0,1549468.0,16710.0,253513.0,2382816.0,North Western,Manyinga,matched,province normalized: North Western -> North-Western
Masaiti,Copperbelt,2024,44.0,75.0,32.0,41.0,41.0,53.0,59.0,59.0,51.0,14.000000000000002,21.0,27.0,18.0,33.0,86.0,70.0,45.0,48.0,46.6,37.75,56.4,Copperbelt,Masaiti,11349.0,389034.0,1938.0,2366089.0,193446.0,21626.0,16636796.0,Copperbelt,Masaiti,matched,
Mazabuka,Southern,2024,92.0,68.0,66.0,41.0,41.0,53.0,59.0,59.0,51.0,28.000000000000004,11.0,76.0,31.0,33.0,87.0,12.0,45.0,97.0,61.6,46.0,54.8,Southern,Mazabuka,64335.0,4114572.0,1575612.0,191058.0,1659866.0,6947.0,12755437.0,Southern,Mazabuka Municipal Council,matched,council suffix removed: Mazabuka Municipal Council -> Mazabuka
Mbala,Northern,2024,94.0,19.0,32.0,41.0,41.0,53.0,59.0,59.0,51.0,23.0,76.0,17.0,29.0,27.0,70.0,77.0,45.0,44.0,45.4,45.88,52.6,Northern,Mbala,47331.5,2181104.7,4050.0,393498.0,316508.97,2256.33,4164828.95,Northern,Mbala Municipal Council,matched,council suffix removed: Mbala Municipal Council -> Mbala
Milengi,Luapula,2024,44.0,7.000000000000001,84.0,41.0,41.0,53.0,59.0,59.0,51.0,3.0,36.0,53.0,5.0,87.0,77.0,97.0,45.0,4.0,43.4,39.88,62.0,Luapula,Milengi,23167.0,451029.0,2020.0,126013.0,8281.0,124504.0,735014.0,Luapula,Milenge,matched,district spelling normalized: Milenge -> Milengi
Mitete,Western,2024,44.0,7.000000000000001,84.0,41.0,41.0,53.0,59.0,59.0,51.0,22.0,21.0,89.0,17.0,95.0,56.00000000000001,99.0,45.0,78.0,43.4,46.38,74.6,Western,Mitete,13553.0,87000.0,50.0,12000.0,0.0,53547.0,166150.0,Western,Mitete,matched,
Mkushi,Central,2024,44.0,59.0,32.0,41.0,41.0,53.0,59.0,59.0,51.0,21.0,62.0,70.0,12.0,56.00000000000001,78.0,61.0,45.0,96.0,43.4,48.38,67.2,Central,Mkushi,88457.0,1301777.0,43200.0,4694326.0,658306.0,17819.0,6842939.0,Central,Mkushi,matched,
Mongu,Western,2024,44.0,88.0,32.0,41.0,41.0,53.0,59.0,59.0,51.0,41.0,19.0,87.0,34.0,42.0,79.0,24.0,45.0,73.0,49.2,50.38,52.6,Western,Mongu,103437.0,3136017.0,129383.0,2095496.0,1718588.0,0.0,8446391.0,Western,Mongu Municipal Council,matched,council suffix removed: Mongu Municipal Council -> Mongu
Monze,Southern,2024,44.0,85.0,32.0,41.0,41.0,53.0,59.0,59.0,51.0,44.0,22.0,55.00000000000001,41.0,23.0,79.0,41.0,45.0,94.0,48.6,48.0,56.4,Southern,Monze,72491.0,2267875.0,342454.0,3152148.0,743425.0,46483.0,7723198.0,Southern,Monze,matched,
Mpika,Muchiga,2024,44.0,64.0,32.0,41.0,41.0,53.0,59.0,59.0,51.0,16.0,64.0,24.0,4.0,88.0,68.0,18.0,45.0,79.0,44.4,41.25,59.6,Muchinga,Mpika,82699.0,4682138.0,81532.0,1148948.0,1280757.0,283548.0,11186931.0,Muchinga,Mpika,matched,score province normalized: Muchiga -> Muchinga
Mpongwe,Copperbelt,2024,44.0,36.0,32.0,41.0,41.0,53.0,59.0,59.0,51.0,4.0,30.0,77.0,2.0,67.0,80.0,91.0,45.0,94.0,38.8,41.88,75.4,Copperbelt,Mpongwe,13408.0,1561613.0,59991.0,3735670.0,322821.0,0.0,5999887.0,Copperbelt,Mpongwe,matched,
Mporokoso,Northern,2024,44.0,7.000000000000001,84.0,41.0,41.0,53.0,59.0,59.0,51.0,3.0,47.0,64.0,7.000000000000001,62.0,51.0,73.0,45.0,1.0,43.4,42.88,46.4,Northern,Mporokoso,27044.0,305709.0,20100.0,199841.0,61930.0,0.0,640989.0,Northern,Mporokoso,matched,
Mpulungu,Northern,2024,44.0,19.0,84.0,41.0,41.0,53.0,59.0,59.0,51.0,8.0,67.0,13.0,4.0,66.0,65.0,25.0,45.0,30.0,45.8,39.25,46.2,Northern,Mpulungu,33846.0,1337345.0,81125.0,897449.86,190896.0,0.0,4241233.09,Northern,Mpulungu,matched,
Mufulira,Copperbelt,2024,96.0,75.0,66.0,41.0,41.0,53.0,59.0,59.0,51.0,31.0,5.0,42.0,47.0,12.0,91.0,14.000000000000002,45.0,28.000000000000004,63.8,43.38,38.0,Copperbelt,Mufulira,154389.0,10798292.0,346792.0,1680237.0,2622237.0,76332.0,62404360.0,Copperbelt,Mufulira Municipal Council,matched,council suffix removed: Mufulira Municipal Council -> Mufulira
Mufumbwe,North-Western,2024,44.0,73.0,32.0,41.0,41.0,53.0,59.0,59.0,51.0,5.0,27.0,90.0,0.0,99.0,80.0,74.0,45.0,83.0,46.2,43.0,76.2,North-Western,Mufumbwe,88189.0,804358.0,154400.0,541075.0,146965.0,-3817.0,1731170.0,North Western,Mufumbwe,matched,province normalized: North Western -> North-Western
Mulobezi,Western,2024,44.0,23.0,84.0,41.0,41.0,53.0,59.0,59.0,51.0,27.0,24.0,88.0,11.0,100.0,65.0,31.0,45.0,48.0,46.6,46.5,57.8,Western,Mulobezi,15630.0,595644.44,2538.0,73523.0,45812.0,49010.0,782157.44,Western,Mulobezi,matched,
Mumbwa,Central,2024,44.0,37.0,32.0,41.0,41.0,53.0,59.0,59.0,51.0,12.0,21.0,96.0,1.0,67.0,82.0,74.0,45.0,100.0,39.0,44.0,73.6,Central,Mumbwa,60552.0,6317310.0,674646.0,3771696.0,1973344.0,8514.0,14838063.0,Central,Mumbwa,matched,
Mungwi,Northern,2024,44.0,16.0,32.0,41.0,41.0,53.0,59.0,59.0,51.0,16.0,75.0,15.0,8.0,54.0,65.0,59.0,45.0,47.0,34.8,42.0,54.0,Northern,Mungwi,40351.0,1149140.0,6594.0,206759.0,42890.0,78976.0,1560378.0,Northern,Mungwi,matched,
Mushindano,North-Western,2024,44.0,29.0,84.0,41.0,41.0,53.0,59.0,59.0,51.0,21.0,8.0,72.0,10.0,97.0,73.0,100.0,45.0,20.0,47.8,41.62,67.0,North-Western,Mushindano,19725.0,3009926.0,95171.0,39652.0,4295.0,0.0,3168769.0,North Western,Mushindamo,matched,province normalized: North Western -> North-Western; district spelling normalized: Mushindamo -> Mushindano
Mwandi,Western,2024,44.0,7.000000000000001,84.0,41.0,41.0,53.0,59.0,59.0,51.0,26.0,32.0,97.0,21.0,97.0,73.0,12.0,45.0,65.0,43.4,49.75,58.4,Western,Mwandi,14090.0,346635.0,8089.0,135832.0,46180.0,0.0,550826.0,Western,Mwandi,matched,
Mwansabombwe,Luapula,2024,44.0,18.0,84.0,41.0,41.0,53.0,59.0,59.0,51.0,9.0,14.000000000000002,85.0,33.0,23.0,75.0,47.0,45.0,2.0,45.6,45.38,38.4,Luapula,Mwansabombwe,73225.0,1106072.0,8066.0,704727.0,72700.0,0.0,1964790.0,Luapula,Mwansabombwe,matched,
Mwense,Luapula,2024,44.0,18.0,32.0,41.0,41.0,53.0,59.0,59.0,51.0,5.0,25.0,24.0,14.000000000000002,31.0,85.0,45.0,45.0,4.0,35.2,36.25,42.0,Luapula,Mwense,37183.0,1191362.0,20344.0,343402.0,192812.0,665323.0,5681919.0,Luapula,Mwense,matched,
Mwinilunga,North-Western,2024,44.0,91.0,32.0,41.0,41.0,53.0,59.0,59.0,51.0,15.0,8.0,45.0,2.0,91.0,52.0,80.0,45.0,20.0,49.8,36.5,57.6,North-Western,Mwinilunga,27348.0,1386947.0,620460.0,1192631.0,137101.0,124740.0,3489227.0,North Western,Mwinilunga,matched,province normalized: North Western -> North-Western
Nakonde,Muchiga,2024,92.0,27.0,32.0,41.0,41.0,53.0,59.0,59.0,51.0,20.0,92.0,3.0,19.0,34.0,71.0,7.000000000000001,45.0,46.0,46.6,44.5,40.6,Muchinga,Nakonde,30757.0,33606964.0,189266.0,1894983.0,1503407.0,137750.0,37363127.0,Muchinga,Nakonde,matched,score province normalized: Muchiga -> Muchinga
Nalolo,Western,2024,44.0,68.0,84.0,41.0,41.0,53.0,59.0,59.0,51.0,43.0,27.0,89.0,39.0,65.0,59.0,75.0,45.0,81.0,55.6,52.5,65.0,Western,Nalolo,18308.0,221396.0,2650.0,247896.0,600.0,0.0,490850.0,Western,Nalolo,matched,
Namwala,Southern,2024,44.0,84.0,84.0,41.0,41.0,53.0,59.0,59.0,51.0,43.0,13.0,96.0,36.0,43.0,71.0,53.0,45.0,97.0,58.8,51.25,61.8,Southern,Namwala,120296.0,1528163.0,61150.0,2868100.0,374152.0,26533.0,5060643.0,Southern,Namwala,matched,
Nchelenge,Luapula,2024,99.0,66.0,84.0,41.0,41.0,53.0,59.0,59.0,51.0,23.0,13.0,50.0,26.0,19.0,65.0,64.0,45.0,3.0,66.2,41.75,39.2,Luapula,Nchelenge,33265.0,2396840.0,30156.0,712736.0,85207.0,-47980.0,3218484.0,Luapula,Nchelenge,matched,
Ndola,Copperbelt,2024,95.0,81.0,66.0,41.0,41.0,53.0,59.0,59.0,51.0,2.0,5.0,9.0,26.0,4.0,98.0,7.000000000000001,45.0,30.0,64.8,33.0,36.8,Copperbelt,Ndola,204511.0,20526835.0,8932905.0,420868.0,16890946.0,3649.0,100999264.0,Copperbelt,Ndola City Council,matched,council suffix removed: Ndola City Council -> Ndola
Ngabwe,Central,2024,44.0,7.000000000000001,32.0,41.0,41.0,53.0,59.0,59.0,51.0,9.0,35.0,93.0,6.0,98.0,72.0,100.0,45.0,84.0,33.0,45.62,79.8,Central,Ngabwe,8169.0,1566295.0,36000.0,153051.0,1418.0,40244.0,1805177.0,Central,Ngabwe,matched,
Nkeyema,Western,2024,44.0,97.0,84.0,41.0,41.0,53.0,59.0,59.0,51.0,17.0,19.0,98.0,21.0,50.0,81.0,92.0,45.0,83.0,61.4,47.12,70.2,Western,Nkeyema,19553.0,716523.0,11100.0,118102.0,46599.0,5593.0,1156718.0,Western,Nkeyema,matched,
Nsama,Northern,2024,44.0,88.0,32.0,41.0,41.0,53.0,59.0,59.0,51.0,6.0,54.0,4.0,5.0,87.0,79.0,87.0,45.0,29.0,49.2,36.38,65.4,Northern,Nsama,0.0,181145.0,1370.0,544273.0,31605.0,25841.0,791134.0,Northern,Nsama,matched,
Nyimba,Eastern,2024,44.0,92.0,32.0,41.0,41.0,53.0,59.0,59.0,51.0,17.0,69.0,87.0,8.0,77.0,82.0,57.99999999999999,45.0,84.0,50.0,50.38,69.2,Eastern,Nyimba,28672.0,2467561.0,46588.0,1242878.0,633861.0,78912.0,5207177.0,Eastern,Nyimba,matched,
Pemba,Southern,2024,44.0,89.0,32.0,41.0,41.0,53.0,59.0,59.0,51.0,53.0,33.0,85.0,62.0,25.0,66.0,79.0,45.0,74.0,49.4,56.88,57.8,Southern,Pemba,26460.0,147647.0,106050.0,550761.0,109474.0,9987.0,950379.0,Southern,Pemba,matched,
Petauke,Eastern,2024,44.0,86.0,32.0,41.0,41.0,53.0,59.0,59.0,51.0,17.0,81.0,99.0,22.0,14.000000000000002,79.0,43.0,45.0,98.0,48.8,55.12,55.8,Eastern,Petauke,71375.0,2513729.0,54060.0,967314.0,1277054.0,82161.0,6727675.0,Eastern,Petauke,matched,
Rufunsa,Lusaka,2024,44.0,72.0,84.0,41.0,41.0,53.0,59.0,59.0,51.0,18.0,77.0,79.0,10.0,91.0,77.0,97.0,45.0,54.0,56.4,50.75,72.8,Lusaka,Rufunsa,20985.0,625613.0,86206.0,398954.0,233862.0,230203.0,1595823.0,Lusaka,Rufunsa,matched,
Samfya,Luapula,2024,44.0,78.0,84.0,41.0,41.0,53.0,59.0,59.0,51.0,12.0,44.0,25.0,18.0,23.0,44.0,68.0,45.0,55.00000000000001,57.6,40.12,47.0,Luapula,Samfya,30750.0,910494.0,38735.0,742712.0,439513.0,17660.0,2851388.0,Luapula,Samfya,matched,
Senanga,Western,2024,44.0,35.0,84.0,41.0,41.0,53.0,59.0,59.0,51.0,41.0,25.0,88.0,24.0,80.0,62.0,20.0,45.0,66.0,49.0,50.0,54.6,Western,Senanga,47409.0,903974.0,456979.0,201562.0,158030.0,28088.0,1836891.0,Western,Senanga,matched,
Senga Hill,Northern,2024,44.0,13.0,84.0,41.0,41.0,53.0,59.0,59.0,51.0,28.000000000000004,77.0,14.000000000000002,26.0,48.0,54.0,87.0,45.0,26.0,44.6,45.88,52.0,Northern,Senga Hill,10318.0,905077.0,138468.0,125.0,2700.0,55969.0,1122657.0,Northern,Senga Hill,matched,
Serenje,Central,2024,44.0,20.0,32.0,41.0,41.0,53.0,59.0,59.0,51.0,9.0,61.0,88.0,3.0,69.0,75.0,62.0,45.0,81.0,35.6,47.88,66.4,Central,Serenje,77614.0,5282549.0,283570.0,1520496.0,705550.0,10654.0,8349605.0,Central,Serenje,matched,
Sesheke,Western,2024,44.0,86.0,32.0,41.0,41.0,53.0,59.0,59.0,51.0,19.0,30.0,99.0,8.0,97.0,80.0,23.0,45.0,66.0,48.8,47.25,62.2,Western,Sesheke,37088.0,5470959.0,175740.0,1089689.0,270530.0,36000.0,7234276.0,Western,Sesheke,matched,
Shangombo,Western,2024,44.0,48.0,32.0,41.0,41.0,53.0,59.0,59.0,51.0,40.0,29.0,95.0,30.0,90.0,69.0,87.0,45.0,74.0,41.2,52.0,73.0,Western,Shangombo,14177.0,504686.0,19582.0,1568293.0,12136.0,0.0,2118874.0,Western,Shang'ombo,matched,district spelling normalized: Shang'ombo -> Shangombo
Shibuyunji,Central,2024,44.0,29.0,32.0,41.0,41.0,53.0,59.0,59.0,51.0,37.0,6.0,98.0,46.0,24.0,83.0,76.0,45.0,86.0,37.4,51.12,62.8,Central,Shibuyunji,62406.0,792295.0,55600.0,236461.0,160072.0,0.0,6774770.0,Central,Shibuyunji,matched,
Shiwang'Andu,Muchiga,2024,44.0,69.0,32.0,41.0,41.0,53.0,59.0,59.0,51.0,7.000000000000001,73.0,9.0,4.0,89.0,68.0,50.0,45.0,20.0,45.4,39.38,54.4,Muchinga,Shiwang'Andu,26255.0,774953.0,75180.0,275767.0,80800.0,0.0,1244592.0,Muchinga,Shiwang'andu,matched,score province normalized: Muchiga -> Muchinga; score district normalized: Shiwang'Andu -> Shiwang'andu
Siavonga,Southern,2024,97.0,87.0,84.0,41.0,41.0,53.0,59.0,59.0,51.0,11.0,50.0,91.0,21.0,55.00000000000001,86.0,16.0,45.0,56.00000000000001,70.0,49.38,51.6,Southern,Siavonga,49231.0,790434.0,144205.0,11023556.0,399265.0,172133.0,20754017.0,Southern,Siavonga,matched,
Sikongo,Western,2024,44.0,7.000000000000001,84.0,41.0,41.0,53.0,59.0,59.0,51.0,39.0,28.000000000000004,92.0,28.000000000000004,89.0,62.0,28.000000000000004,45.0,85.0,43.4,51.12,61.8,Western,Sikongo,12158.0,93840.0,3110.0,76537.0,1200.0,0.0,186845.0,Western,Sikongo,matched,
Sinazongwe,Southern,2024,44.0,82.0,32.0,41.0,41.0,53.0,59.0,59.0,51.0,19.0,24.0,61.0,19.0,41.0,79.0,48.0,45.0,77.0,48.0,43.12,58.0,Southern,Sinazongwe,55954.0,3505387.0,140810.0,1926445.0,106710.0,15558.0,10788461.0,Southern,Sinazongwe,matched,
Sinda,Eastern,2024,44.0,64.0,32.0,41.0,41.0,53.0,59.0,59.0,51.0,54.0,78.0,100.0,59.0,9.0,64.0,80.0,45.0,96.0,44.4,64.12,58.8,Eastern,Sinda,17338.0,878827.0,306233.0,134452.0,108550.0,0.0,1489581.0,Eastern,Sinda,matched,
Sioma,Western,2024,44.0,83.0,32.0,41.0,41.0,53.0,59.0,59.0,51.0,24.0,29.0,99.0,14.000000000000002,86.0,70.0,66.0,45.0,80.0,48.2,48.5,69.4,Western,Sioma,17730.0,590391.0,4050.0,401686.0,7150.0,0.0,1021007.0,Western,Sioma,matched,
Solwezi,North-Western,2024,98.0,96.0,84.0,41.0,41.0,53.0,59.0,59.0,51.0,1.0,8.0,78.0,1.0,31.0,93.0,91.0,45.0,10.0,72.0,38.75,54.0,North-Western,Solwezi,272227.0,5236125.0,293966.0,2998005.0,3089074.0,0.0,83321992.0,North Western,Solwezi Municipal Council,matched,province normalized: North Western -> North-Western; council suffix removed: Solwezi Municipal Council -> Solwezi
Vubwi,Eastern,2024,44.0,69.0,32.0,41.0,41.0,53.0,59.0,59.0,51.0,27.0,57.99999999999999,72.0,50.0,18.0,53.0,82.0,45.0,60.0,45.4,53.62,51.6,Eastern,Vubwi,24588.0,517339.0,5435.0,169084.0,11630.0,19867.0,747943.0,Eastern,Vubwi,matched,
Zambezi,North-Western,2024,44.0,82.0,32.0,41.0,41.0,53.0,59.0,59.0,51.0,8.0,12.0,60.0,2.0,91.0,56.99999999999999,49.0,45.0,69.0,48.0,38.0,62.2,North-Western,Zambezi,47655.0,503637.0,66756.0,465225.0,45163.0,0.0,1259513.0,North Western,Zambezi,matched,province normalized: North Western -> North-Western
Zimba,Southern,2024,44.0,96.0,32.0,41.0,41.0,53.0,59.0,59.0,51.0,46.0,34.0,30.0,40.0,56.00000000000001,57.99999999999999,46.0,45.0,82.0,50.8,46.5,57.4,Southern,Zimba,0.0,1142745.0,73783.0,597781.0,258656.0,79825.0,2309354.0,Southern,Zimba,matched,
Chadiza,Eastern,2025,44.0,84.0,32.0,91.0,100.0,53.0,9.0,17.0,51.0,59.0,86.0,94.0,68.0,7.000000000000001,26.0,36.0,45.0,75.0,70.2,54.62,37.8,Eastern,Chadiza,,,,,,,,,,no_osr_for_year,
Chama,Muchiga,2025,44.0,94.0,84.0,89.0,87.0,53.0,11.0,7.000000000000001,51.0,64.0,81.0,16.0,49.0,78.0,17.0,57.99999999999999,95.0,30.0,79.6,41.5,55.6,Muchinga,Chama,,,,,,,,,,no_osr_for_year,
Chasefu,Eastern,2025,44.0,28.000000000000004,32.0,95.0,99.0,53.0,13.0,8.0,51.0,65.0,85.0,48.0,70.0,17.0,7.000000000000001,79.0,45.0,62.0,59.6,49.12,42.0,Eastern,Chasefu,,,,,,,,,,no_osr_for_year,
Chavuma,North-Western,2025,44.0,7.000000000000001,32.0,96.0,99.0,53.0,6.0,3.0,51.0,73.0,43.0,16.0,72.0,64.0,6.0,24.0,92.0,36.0,55.6,39.62,44.4,North-Western,Chavuma,,,,,,,,,,no_osr_for_year,
Chembe,Luapula,2025,44.0,91.0,32.0,100.0,99.0,53.0,9.0,1.0,51.0,69.0,15.0,82.0,73.0,52.0,62.0,81.0,45.0,31.0,73.2,44.12,54.2,Luapula,Chembe,,,,,,,,,,no_osr_for_year,
Chibombo,Central,2025,44.0,79.0,32.0,83.0,91.0,4.0,11.0,12.0,51.0,56.99999999999999,38.0,97.0,48.0,28.000000000000004,83.0,96.0,97.0,96.0,65.8,39.75,80.0,Central,Chibombo,,,,,,,,,,no_osr_for_year,
Chiengi,Luapula,2025,44.0,20.0,32.0,95.0,94.0,53.0,8.0,4.0,51.0,68.0,9.0,38.0,69.0,16.0,31.0,67.0,45.0,6.0,57.0,37.5,33.0,Luapula,Chiengi,,,,,,,,,,no_osr_for_year,
Chifunabuli,Luapula,2025,44.0,21.0,32.0,95.0,84.0,53.0,9.0,6.0,51.0,67.0,66.0,86.0,71.0,22.0,8.0,84.0,45.0,24.0,55.2,51.12,36.6,Luapula,Chifunabuli,,,,,,,,,,no_osr_for_year,
Chikankanta,Southern,2025,44.0,41.0,84.0,91.0,89.0,0.0,12.0,8.0,1.0,56.99999999999999,31.0,96.0,64.0,36.0,76.0,73.0,95.0,80.0,69.8,33.62,72.0,Southern,Chikankanta,,,,,,,,,,no_osr_for_year,
Chilanga,Lusaka,2025,44.0,74.0,32.0,41.0,41.0,2.0,16.0,16.0,51.0,34.0,8.0,17.0,49.0,18.0,96.0,61.0,96.0,74.0,46.4,24.12,69.0,Lusaka,Chilanga,,,,,,,,,,no_osr_for_year,
Chililabombwe,Copperbelt,2025,44.0,76.0,32.0,86.0,41.0,53.0,59.0,16.0,2.0,21.0,29.0,56.99999999999999,44.0,14.000000000000002,91.0,51.0,45.0,11.0,55.8,35.12,42.4,Copperbelt,Chililabombwe,,,,,,,,,,no_osr_for_year,
Chilubi,Northern,2025,44.0,17.0,32.0,96.0,91.0,53.0,1.0,59.0,51.0,70.0,77.0,36.0,69.0,45.0,13.0,87.0,45.0,56.00000000000001,56.0,52.0,49.2,Northern,Chilubi,,,,,,,,,,no_osr_for_year,
Chingola,Copperbelt,2025,44.0,95.0,84.0,41.0,41.0,4.0,16.0,14.000000000000002,1.0,31.0,23.0,51.0,43.0,6.0,89.0,19.0,92.0,24.0,61.0,22.88,46.0,Copperbelt,Chingola,,,,,,,,,,no_osr_for_year,
Chinsali,Muchiga,2025,44.0,39.0,84.0,89.0,87.0,53.0,59.0,14.000000000000002,51.0,61.0,71.0,20.0,59.0,41.0,19.0,29.0,45.0,40.0,68.6,48.5,34.8,Muchinga,Chinsali,,,,,,,,,,no_osr_for_year,
Chipangali,Eastern,2025,44.0,74.0,32.0,99.0,93.0,53.0,3.0,59.0,51.0,59.0,88.0,90.0,67.0,9.0,18.0,78.0,45.0,60.0,68.4,58.75,42.0,Eastern,Chipangali,,,,,,,,,,no_osr_for_year,
Chipata,Eastern,2025,98.0,83.0,84.0,87.0,85.0,0.0,14.000000000000002,17.0,51.0,50.0,83.0,89.0,59.0,1.0,87.0,17.0,98.0,67.0,87.4,45.38,54.0,Eastern,Chipata,,,,,,,,,,no_osr_for_year,
Chipili,Luapula,2025,44.0,7.000000000000001,84.0,84.0,84.0,53.0,2.0,10.0,51.0,25.0,27.0,23.0,27.0,67.0,15.0,40.0,45.0,9.0,60.6,27.25,35.2,Luapula,Chipili,,,,,,,,,,no_osr_for_year,
Chirundu,Lusaka,2025,44.0,67.0,84.0,41.0,41.0,53.0,13.0,2.0,51.0,61.0,42.0,97.0,72.0,26.0,82.0,75.0,45.0,61.0,55.4,48.88,57.8,Lusaka,Chirundu,,,,,,,,,,no_osr_for_year,
Chisamba,Central,2025,44.0,65.0,32.0,41.0,41.0,3.0,11.0,16.0,51.0,63.0,38.0,89.0,63.0,46.0,82.0,63.0,97.0,88.0,44.6,41.75,75.2,Central,Chisamba,,,,,,,,,,no_osr_for_year,
Chitambo,Central,2025,44.0,89.0,32.0,41.0,93.0,53.0,12.0,11.0,51.0,64.0,90.0,33.0,54.0,78.0,17.0,71.0,95.0,54.0,59.8,46.0,63.0,Central,Chitambo,,,,,,,,,,no_osr_for_year,
Choma,Southern,2025,44.0,83.0,32.0,90.0,41.0,1.0,12.0,59.0,51.0,59.0,45.0,74.0,57.99999999999999,24.0,80.0,3.0,96.0,84.0,58.0,44.88,57.4,Southern,Choma,,,,,,,,,,no_osr_for_year,
Chongwe,Lusaka,2025,44.0,88.0,32.0,41.0,86.0,4.0,15.0,13.0,51.0,44.0,22.0,68.0,50.0,21.0,94.0,76.0,99.0,74.0,58.2,33.38,72.8,Lusaka,Chongwe,,,,,,,,,,no_osr_for_year,
Gwembe,Southern,2025,93.0,49.0,32.0,41.0,98.0,53.0,4.0,1.0,51.0,71.0,42.0,81.0,72.0,51.0,41.0,43.0,92.0,52.0,62.6,46.88,55.8,Southern,Gwembe,,,,,,,,,,no_osr_for_year,
Ikelenge,North-Western,2025,93.0,17.0,32.0,99.0,96.0,53.0,59.0,59.0,51.0,69.0,37.0,46.0,73.0,40.0,1.0,27.0,92.0,14.000000000000002,67.4,55.88,34.8,North-Western,Ikelenge,,,,,,,,,,no_osr_for_year,
Isoka,Muchiga,2025,44.0,28.000000000000004,84.0,89.0,87.0,53.0,59.0,10.0,51.0,62.0,69.0,32.0,63.0,47.0,35.0,67.0,45.0,28.000000000000004,66.4,49.88,44.4,Muchinga,Isoka,,,,,,,,,,no_osr_for_year,
Itezhi-Tezhi,Central,2025,44.0,98.0,32.0,84.0,84.0,53.0,3.0,1.0,51.0,64.0,67.0,95.0,51.0,85.0,38.0,26.0,98.0,91.0,68.4,48.12,67.6,Central,Itezhi-Tezhi,,,,,,,,,,no_osr_for_year,
Kabompo,North-Western,2025,44.0,85.0,84.0,97.0,96.0,53.0,7.000000000000001,3.0,51.0,73.0,44.0,54.0,71.0,77.0,39.0,59.0,45.0,25.0,81.2,44.5,49.0,North-Western,Kabompo,,,,,,,,,,no_osr_for_year,
Kabwe,Central,2025,99.0,56.00000000000001,66.0,90.0,90.0,3.0,16.0,16.0,51.0,46.0,10.0,63.0,56.99999999999999,5.0,90.0,32.0,98.0,65.0,80.2,32.75,58.0,Central,Kabwe,,,,,,,,,,no_osr_for_year,
Kafue,Lusaka,2025,44.0,54.0,32.0,88.0,89.0,2.0,16.0,8.0,2.0,48.0,32.0,93.0,44.0,39.0,87.0,76.0,100.0,68.0,61.4,30.62,74.0,Lusaka,Kafue,,,,,,,,,,no_osr_for_year,
Kalabo,Western,2025,44.0,51.0,32.0,96.0,95.0,53.0,8.0,5.0,51.0,68.0,49.0,44.0,62.0,68.0,33.0,70.0,98.0,89.0,63.6,42.5,71.6,Western,Kalabo,,,,,,,,,,no_osr_for_year,
Kalomo,Southern,2025,44.0,57.99999999999999,32.0,41.0,41.0,1.0,6.0,59.0,51.0,67.0,50.0,43.0,61.0,37.0,67.0,13.0,95.0,97.0,43.2,42.25,61.8,Southern,Kalomo,,,,,,,,,,no_osr_for_year,
Kalulushi,Copperbelt,2025,91.0,71.0,66.0,41.0,84.0,1.0,15.0,15.0,51.0,47.0,9.0,44.0,64.0,15.0,95.0,46.0,92.0,3.0,70.6,30.75,50.2,Copperbelt,Kalulushi,,,,,,,,,,no_osr_for_year,
Kalumbila,North-Western,2025,44.0,86.0,32.0,97.0,95.0,53.0,14.000000000000002,13.0,51.0,42.0,59.0,59.0,19.0,77.0,68.0,93.0,92.0,12.0,70.8,38.75,68.4,North-Western,Kalumbila,,,,,,,,,,no_osr_for_year,
Kanchibiya,Muchiga,2025,44.0,7.000000000000001,32.0,89.0,90.0,5.0,17.0,4.0,0.0,69.0,89.0,22.0,64.0,68.0,15.0,84.0,45.0,68.0,52.4,33.75,56.0,Muchinga,Kanchibiya,,,,,,,,,,no_osr_for_year,
Kaoma,Western,2025,44.0,50.0,32.0,84.0,84.0,53.0,12.0,11.0,51.0,66.0,56.00000000000001,63.0,60.0,57.99999999999999,31.0,22.0,45.0,47.0,58.8,46.5,40.6,Western,Kaoma,,,,,,,,,,no_osr_for_year,
Kapiri Mposhi,Central,2025,44.0,65.0,32.0,91.0,89.0,2.0,10.0,13.0,2.0,59.0,35.0,92.0,49.0,31.0,59.0,53.0,97.0,97.0,64.2,32.75,67.4,Central,Kapiri Mposhi,,,,,,,,,,no_osr_for_year,
Kaputa,Northern,2025,44.0,100.0,84.0,92.0,91.0,53.0,12.0,6.0,51.0,62.0,11.0,18.0,63.0,56.00000000000001,54.0,64.0,45.0,16.0,82.2,34.5,47.0,Northern,Kaputa,,,,,,,,,,no_osr_for_year,
Kasama,Northern,2025,44.0,77.0,32.0,83.0,85.0,5.0,18.0,11.0,2.0,61.0,59.0,19.0,52.0,32.0,24.0,24.0,97.0,43.0,64.2,28.38,44.0,Northern,Kasama,,,,,,,,,,no_osr_for_year,
Kasempa,North-Western,2025,99.0,76.0,84.0,84.0,84.0,53.0,6.0,6.0,51.0,68.0,61.0,61.0,51.0,95.0,18.0,69.0,97.0,56.00000000000001,85.4,44.62,67.0,North-Western,Kasempa,,,,,,,,,,no_osr_for_year,
Kasenengwa,Eastern,2025,44.0,87.0,32.0,87.0,94.0,53.0,2.0,7.000000000000001,51.0,63.0,88.0,96.0,72.0,4.0,24.0,85.0,45.0,72.0,68.8,54.0,46.0,Eastern,Kasenengwa,,,,,,,,,,no_osr_for_year,
Katete,Eastern,2025,44.0,69.0,32.0,86.0,99.0,53.0,10.0,17.0,51.0,57.99999999999999,89.0,98.0,66.0,7.000000000000001,68.0,38.0,92.0,87.0,66.0,55.25,58.4,Eastern,Katete,,,,,,,,,,no_osr_for_year,
Kawambwa,Luapula,2025,44.0,74.0,32.0,98.0,96.0,53.0,10.0,5.0,51.0,61.0,20.0,50.0,55.00000000000001,63.0,53.0,37.0,45.0,27.0,68.8,38.12,45.0,Luapula,Kawambwa,,,,,,,,,,no_osr_for_year,
Kazungula,Southern,2025,44.0,37.0,84.0,41.0,41.0,2.0,6.0,7.000000000000001,2.0,69.0,47.0,94.0,54.0,82.0,66.0,36.0,45.0,95.0,49.4,35.12,64.8,Southern,Kazungula,,,,,,,,,,no_osr_for_year,
Kitwe,Copperbelt,2025,94.0,89.0,68.0,85.0,90.0,1.0,17.0,12.0,1.0,13.0,7.000000000000001,50.0,41.0,0.0,98.0,4.0,97.0,14.000000000000002,85.2,17.75,42.6,Copperbelt,Kitwe,,,,,,,,,,no_osr_for_year,
Lavushimanda,Muchiga,2025,44.0,52.0,84.0,92.0,90.0,4.0,9.0,7.000000000000001,51.0,56.00000000000001,90.0,42.0,41.0,98.0,23.0,70.0,99.0,44.0,72.4,37.5,66.8,Muchinga,Lavushimanda,,,,,,,,,,no_osr_for_year,
Limulunga,Western,2025,44.0,98.0,32.0,84.0,89.0,53.0,2.0,59.0,51.0,68.0,52.0,83.0,69.0,60.0,41.0,41.0,92.0,66.0,69.4,54.62,60.0,Western,Limulunga,,,,,,,,,,no_osr_for_year,
Livingstone,Southern,2025,99.0,90.0,84.0,41.0,85.0,2.0,17.0,10.0,1.0,41.0,26.0,99.0,61.0,11.0,96.0,6.0,99.0,26.0,79.8,32.12,47.6,Southern,Livingstone,,,,,,,,,,no_osr_for_year,
Luampa,Western,2025,96.0,7.000000000000001,84.0,93.0,92.0,53.0,3.0,9.0,51.0,70.0,61.0,65.0,63.0,93.0,23.0,89.0,45.0,45.0,74.4,46.88,59.0,Western,Luampa,,,,,,,,,,no_osr_for_year,
Luangwa,Lusaka,2025,44.0,38.0,84.0,89.0,87.0,53.0,14.000000000000002,2.0,51.0,72.0,82.0,94.0,72.0,77.0,35.0,68.0,95.0,38.0,68.4,55.0,62.6,Lusaka,Luangwa,,,,,,,,,,no_osr_for_year,
Luano,Central,2025,44.0,7.000000000000001,32.0,94.0,99.0,53.0,5.0,7.000000000000001,51.0,53.0,85.0,88.0,41.0,82.0,30.0,85.0,92.0,71.0,55.2,47.88,72.0,Central,Luano,,,,,,,,,,no_osr_for_year,
Luanshya,Copperbelt,2025,89.0,70.0,84.0,91.0,85.0,53.0,15.0,59.0,51.0,36.0,11.0,34.0,55.00000000000001,3.0,91.0,11.0,98.0,7.000000000000001,83.8,39.25,42.0,Copperbelt,Luanshya,,,,,,,,,,no_osr_for_year,
Lufwanyama,Copperbelt,2025,44.0,99.0,84.0,87.0,85.0,53.0,10.0,12.0,51.0,71.0,55.00000000000001,73.0,64.0,65.0,14.000000000000002,81.0,45.0,27.0,79.8,48.62,46.4,Copperbelt,Lufwanyama,,,,,,,,,,no_osr_for_year,
Lukulu,Western,2025,44.0,37.0,84.0,93.0,92.0,53.0,7.000000000000001,5.0,51.0,72.0,51.0,47.0,67.0,70.0,21.0,54.0,45.0,67.0,70.0,44.12,51.4,Western,Lukulu,,,,,,,,,,no_osr_for_year,
Lumezi,Eastern,2025,44.0,25.0,32.0,92.0,97.0,53.0,1.0,4.0,51.0,62.0,88.0,18.0,54.0,56.99999999999999,18.0,73.0,45.0,60.0,58.0,41.38,50.6,Eastern,Lumezi,,,,,,,,,,no_osr_for_year,
Lundazi,Eastern,2025,100.0,42.0,32.0,98.0,97.0,53.0,18.0,10.0,51.0,57.99999999999999,83.0,98.0,70.0,1.0,59.0,31.0,92.0,81.0,73.8,55.12,52.8,Eastern,Lundazi,,,,,,,,,,no_osr_for_year,
Lunga,Luapula,2025,44.0,15.0,84.0,98.0,96.0,53.0,59.0,59.0,51.0,72.0,82.0,13.0,72.0,72.0,19.0,39.0,45.0,15.0,67.4,57.62,38.0,Luapula,Lunga,,,,,,,,,,no_osr_for_year,
Lunte,Northern,2025,44.0,7.000000000000001,84.0,87.0,85.0,53.0,59.0,15.0,51.0,67.0,37.0,51.0,63.0,69.0,30.0,7.000000000000001,45.0,4.0,61.4,49.5,31.0,Northern,Lunte,,,,,,,,,,no_osr_for_year,
Lupososhi,Northern,2025,44.0,63.0,84.0,87.0,85.0,53.0,1.0,59.0,51.0,50.0,48.0,60.0,48.0,44.0,7.000000000000001,79.0,45.0,2.0,72.6,46.25,35.4,Northern,Lupososhi,,,,,,,,,,no_osr_for_year,
Lusaka,Lusaka,2025,96.0,92.0,64.0,95.0,95.0,3.0,17.0,59.0,51.0,1.0,3.0,77.0,31.0,0.0,99.0,1.0,100.0,29.0,88.4,30.25,45.8,Lusaka,Lusaka,,,,,,,,,,no_osr_for_year,
Lusangazi,Eastern,2025,44.0,97.0,32.0,95.0,91.0,53.0,0.0,59.0,51.0,74.0,92.0,79.0,74.0,35.0,29.0,89.0,45.0,54.0,71.8,60.25,50.4,Eastern,Lusangazi,,,,,,,,,,no_osr_for_year,
Luwingu,Northern,2025,44.0,77.0,32.0,87.0,89.0,53.0,1.0,14.000000000000002,51.0,64.0,61.0,56.00000000000001,66.0,48.0,21.0,29.0,92.0,16.0,65.8,45.75,41.2,Northern,Luwingu,,,,,,,,,,no_osr_for_year,
Mafinga,Muchiga,2025,44.0,7.000000000000001,32.0,94.0,94.0,53.0,59.0,15.0,51.0,60.0,76.0,25.0,61.0,43.0,36.0,23.0,45.0,34.0,54.2,50.0,36.2,Muchinga,Mafinga,,,,,,,,,,no_osr_for_year,
Mambwe,Eastern,2025,94.0,44.0,32.0,92.0,100.0,53.0,9.0,4.0,51.0,65.0,89.0,79.0,65.0,48.0,27.0,73.0,98.0,48.0,72.4,51.88,58.8,Eastern,Mambwe,,,,,,,,,,no_osr_for_year,
Mansa,Luapula,2025,44.0,72.0,32.0,94.0,87.0,53.0,14.000000000000002,9.0,51.0,53.0,15.0,78.0,45.0,27.0,54.0,30.0,96.0,10.0,65.8,39.75,43.4,Luapula,Mansa,,,,,,,,,,no_osr_for_year,
Manyinga,North-Western,2025,94.0,37.0,84.0,86.0,87.0,53.0,7.000000000000001,2.0,51.0,74.0,51.0,78.0,71.0,70.0,21.0,59.0,45.0,18.0,77.6,48.38,42.6,North-Western,Manyinga,,,,,,,,,,no_osr_for_year,
Masaiti,Copperbelt,2025,44.0,84.0,32.0,87.0,88.0,4.0,8.0,11.0,51.0,43.0,56.99999999999999,49.0,42.0,22.0,69.0,38.0,92.0,37.0,67.0,33.12,51.6,Copperbelt,Masaiti,,,,,,,,,,no_osr_for_year,
Mazabuka,Southern,2025,94.0,77.0,66.0,96.0,97.0,1.0,13.0,13.0,1.0,41.0,40.0,69.0,39.0,25.0,85.0,9.0,96.0,95.0,86.0,27.12,62.0,Southern,Mazabuka,,,,,,,,,,no_osr_for_year,
Mbala,Northern,2025,100.0,71.0,64.0,92.0,92.0,53.0,59.0,59.0,51.0,60.0,33.0,24.0,65.0,25.0,71.0,48.0,100.0,39.0,83.8,50.5,56.6,Northern,Mbala,,,,,,,,,,no_osr_for_year,
Milengi,Luapula,2025,44.0,24.0,84.0,89.0,87.0,53.0,1.0,0.0,51.0,53.0,49.0,66.0,47.0,70.0,8.0,84.0,45.0,2.0,65.6,40.0,41.8,Luapula,Milengi,,,,,,,,,,no_osr_for_year,
Mitete,Western,2025,44.0,18.0,84.0,93.0,92.0,53.0,2.0,1.0,51.0,71.0,49.0,34.0,68.0,90.0,12.0,77.0,45.0,57.99999999999999,66.2,41.12,56.4,Western,Mitete,,,,,,,,,,no_osr_for_year,
Mkushi,Central,2025,44.0,87.0,32.0,84.0,98.0,4.0,13.0,14.000000000000002,51.0,59.0,90.0,83.0,51.0,44.0,29.0,52.0,96.0,93.0,69.0,45.62,62.8,Central,Mkushi,,,,,,,,,,no_osr_for_year,
Mongu,Western,2025,44.0,90.0,32.0,87.0,82.0,53.0,14.000000000000002,11.0,51.0,62.0,52.0,78.0,59.0,38.0,68.0,22.0,95.0,69.0,67.0,47.5,58.4,Western,Mongu,,,,,,,,,,no_osr_for_year,
Monze,Southern,2025,44.0,63.0,32.0,98.0,82.0,3.0,5.0,59.0,51.0,60.0,44.0,97.0,60.0,17.0,60.0,24.0,92.0,89.0,63.8,47.38,56.4,Southern,Monze,,,,,,,,,,no_osr_for_year,
Mpika,Muchiga,2025,100.0,49.0,32.0,83.0,93.0,5.0,16.0,15.0,0.0,63.0,87.0,63.0,47.0,80.0,36.0,12.0,98.0,73.0,71.4,37.0,59.8,Muchinga,Mpika,,,,,,,,,,no_osr_for_year,
Mpongwe,Copperbelt,2025,44.0,36.0,32.0,94.0,93.0,53.0,13.0,8.0,51.0,63.0,64.0,77.0,56.99999999999999,56.99999999999999,20.0,76.0,45.0,89.0,59.8,48.25,57.4,Copperbelt,Mpongwe,,,,,,,,,,no_osr_for_year,
Mporokoso,Northern,2025,44.0,94.0,84.0,93.0,92.0,53.0,18.0,8.0,51.0,70.0,24.0,45.0,71.0,61.0,49.0,41.0,45.0,0.0,81.4,42.5,39.2,Northern,Mporokoso,,,,,,,,,,no_osr_for_year,
Mpulungu,Northern,2025,44.0,63.0,84.0,93.0,92.0,53.0,18.0,4.0,51.0,54.0,26.0,12.0,43.0,64.0,63.0,8.0,95.0,16.0,75.2,32.62,49.2,Northern,Mpulungu,,,,,,,,,,no_osr_for_year,
Mufulira,Copperbelt,2025,44.0,67.0,32.0,94.0,94.0,1.0,16.0,14.000000000000002,51.0,49.0,16.0,48.0,61.0,3.0,88.0,4.0,99.0,26.0,66.2,32.0,44.0,Copperbelt,Mufulira,,,,,,,,,,no_osr_for_year,
Mufumbwe,North-Western,2025,44.0,95.0,32.0,89.0,88.0,53.0,6.0,9.0,51.0,73.0,53.0,59.0,62.0,95.0,20.0,52.0,92.0,63.0,69.6,45.75,64.4,North-Western,Mufumbwe,,,,,,,,,,no_osr_for_year,
Mulobezi,Western,2025,44.0,7.000000000000001,84.0,83.0,82.0,3.0,3.0,15.0,51.0,69.0,59.0,56.00000000000001,60.0,99.0,27.0,39.0,92.0,39.0,60.0,39.5,59.2,Western,Mulobezi,,,,,,,,,,no_osr_for_year,
Mumbwa,Central,2025,44.0,53.0,32.0,90.0,88.0,53.0,7.000000000000001,12.0,51.0,66.0,62.0,94.0,50.0,63.0,63.0,48.0,100.0,95.0,61.4,49.38,73.8,Central,Mumbwa,,,,,,,,,,no_osr_for_year,
Mungwi,Northern,2025,44.0,79.0,32.0,93.0,95.0,53.0,59.0,12.0,2.0,68.0,59.0,21.0,60.0,43.0,16.0,34.0,45.0,59.0,68.6,41.75,39.4,Northern,Mungwi,,,,,,,,,,no_osr_for_year,
Mushindano,North-Western,2025,44.0,60.0,84.0,90.0,88.0,53.0,4.0,6.0,51.0,57.99999999999999,56.99999999999999,62.0,47.0,90.0,10.0,98.0,45.0,15.0,73.2,42.25,51.6,North-Western,Mushindano,,,,,,,,,,no_osr_for_year,
Mwandi,Western,2025,44.0,7.000000000000001,84.0,83.0,82.0,53.0,11.0,13.0,51.0,71.0,47.0,86.0,70.0,94.0,47.0,14.000000000000002,45.0,50.0,60.0,50.25,50.0,Western,Mwandi,,,,,,,,,,no_osr_for_year,
Mwansabombwe,Luapula,2025,44.0,38.0,84.0,100.0,99.0,53.0,11.0,13.0,51.0,63.0,11.0,41.0,73.0,20.0,57.99999999999999,65.0,45.0,0.0,73.0,39.5,37.6,Luapula,Mwansabombwe,,,,,,,,,,no_osr_for_year,
Mwense,Luapula,2025,44.0,25.0,32.0,100.0,93.0,53.0,6.0,2.0,51.0,35.0,12.0,18.0,42.0,23.0,74.0,37.0,92.0,2.0,58.8,27.38,45.6,Luapula,Mwense,,,,,,,,,,no_osr_for_year,
Mwinilunga,North-Western,2025,44.0,94.0,32.0,98.0,97.0,53.0,11.0,3.0,51.0,63.0,43.0,46.0,47.0,82.0,12.0,78.0,45.0,18.0,73.0,39.62,47.0,North-Western,Mwinilunga,,,,,,,,,,no_osr_for_year,
Nakonde,Muchiga,2025,44.0,62.0,32.0,89.0,83.0,53.0,59.0,14.000000000000002,51.0,56.00000000000001,64.0,81.0,56.00000000000001,34.0,75.0,9.0,45.0,56.99999999999999,62.0,54.25,44.0,Muchinga,Nakonde,,,,,,,,,,no_osr_for_year,
Nalolo,Western,2025,44.0,7.000000000000001,84.0,83.0,82.0,53.0,2.0,6.0,51.0,71.0,47.0,81.0,70.0,60.0,32.0,77.0,45.0,68.0,60.0,47.62,56.4,Western,Nalolo,,,,,,,,,,no_osr_for_year,
Namwala,Southern,2025,44.0,80.0,84.0,83.0,82.0,53.0,8.0,7.000000000000001,51.0,66.0,67.0,90.0,66.0,34.0,28.000000000000004,53.0,45.0,94.0,74.6,51.0,50.8,Southern,Namwala,,,,,,,,,,no_osr_for_year,
Nchelenge,Luapula,2025,44.0,99.0,32.0,87.0,85.0,53.0,14.000000000000002,9.0,51.0,64.0,9.0,35.0,67.0,15.0,49.0,65.0,45.0,1.0,69.4,37.75,35.0,Luapula,Nchelenge,,,,,,,,,,no_osr_for_year,
Ndola,Copperbelt,2025,98.0,75.0,84.0,89.0,85.0,5.0,17.0,59.0,51.0,9.0,13.0,6.0,35.0,1.0,98.0,6.0,95.0,22.0,86.2,24.38,44.4,Copperbelt,Ndola,,,,,,,,,,no_osr_for_year,
Ngabwe,Central,2025,44.0,61.0,32.0,90.0,97.0,53.0,8.0,16.0,51.0,67.0,48.0,92.0,65.0,95.0,38.0,97.0,45.0,72.0,64.8,50.0,69.4,Central,Ngabwe,,,,,,,,,,no_osr_for_year,
Nkeyema,Western,2025,44.0,90.0,84.0,83.0,82.0,53.0,0.0,6.0,51.0,67.0,60.0,93.0,69.0,38.0,31.0,79.0,45.0,70.0,76.6,49.88,52.6,Western,Nkeyema,,,,,,,,,,no_osr_for_year,
Nsama,Northern,2025,44.0,17.0,32.0,99.0,98.0,53.0,5.0,3.0,51.0,57.99999999999999,16.0,7.000000000000001,52.0,84.0,77.0,71.0,45.0,18.0,58.0,30.62,59.0,Northern,Nsama,,,,,,,,,,no_osr_for_year,
Nyimba,Eastern,2025,96.0,96.0,32.0,100.0,98.0,53.0,8.0,10.0,51.0,64.0,91.0,88.0,56.00000000000001,66.0,39.0,29.0,45.0,75.0,84.4,52.62,50.8,Eastern,Nyimba,,,,,,,,,,no_osr_for_year,
Pemba,Southern,2025,44.0,92.0,32.0,41.0,91.0,3.0,2.0,59.0,51.0,59.0,41.0,93.0,68.0,19.0,37.0,57.99999999999999,92.0,62.0,60.0,47.0,53.6,Southern,Pemba,,,,,,,,,,no_osr_for_year,
Petauke,Eastern,2025,44.0,76.0,32.0,92.0,92.0,53.0,12.0,16.0,51.0,56.00000000000001,93.0,100.0,59.0,7.000000000000001,44.0,30.0,45.0,92.0,67.2,55.0,43.6,Eastern,Petauke,,,,,,,,,,no_osr_for_year,
Rufunsa,Lusaka,2025,44.0,82.0,84.0,89.0,87.0,53.0,5.0,11.0,51.0,60.0,81.0,76.0,53.0,81.0,40.0,93.0,45.0,41.0,77.2,48.75,60.0,Lusaka,Rufunsa,,,,,,,,,,no_osr_for_year,
Samfya,Luapula,2025,44.0,62.0,84.0,89.0,87.0,53.0,4.0,3.0,51.0,66.0,73.0,18.0,70.0,16.0,6.0,40.0,45.0,43.0,73.2,42.25,30.0,Luapula,Samfya,,,,,,,,,,no_osr_for_year,
Senanga,Western,2025,44.0,34.0,84.0,83.0,82.0,53.0,7.000000000000001,4.0,51.0,69.0,53.0,80.0,61.0,72.0,26.0,26.0,45.0,56.99999999999999,65.4,47.25,45.2,Western,Senanga,,,,,,,,,,no_osr_for_year,
Senga Hill,Northern,2025,44.0,93.0,84.0,99.0,98.0,53.0,59.0,8.0,1.0,65.0,44.0,51.0,66.0,44.0,37.0,53.0,45.0,35.0,83.6,43.38,42.8,Northern,Senga Hill,,,,,,,,,,no_osr_for_year,
Serenje,Central,2025,44.0,89.0,32.0,91.0,90.0,53.0,15.0,9.0,51.0,66.0,93.0,63.0,57.99999999999999,62.0,23.0,63.0,92.0,73.0,69.2,51.0,62.6,Central,Serenje,,,,,,,,,,no_osr_for_year,
Sesheke,Western,2025,44.0,59.0,32.0,86.0,84.0,53.0,10.0,5.0,51.0,72.0,41.0,93.0,66.0,93.0,55.00000000000001,22.0,45.0,54.0,61.0,48.88,53.8,Western,Sesheke,,,,,,,,,,no_osr_for_year,
Shangombo,Western,2025,44.0,66.0,32.0,97.0,96.0,53.0,1.0,2.0,51.0,73.0,41.0,86.0,68.0,81.0,29.0,95.0,45.0,63.0,67.0,46.88,62.6,Western,Shangombo,,,,,,,,,,no_osr_for_year,
Shibuyunji,Central,2025,44.0,40.0,32.0,83.0,82.0,53.0,3.0,9.0,51.0,65.0,43.0,95.0,73.0,15.0,50.0,52.0,45.0,76.0,56.2,49.0,47.6,Central,Shibuyunji,,,,,,,,,,no_osr_for_year,
Shiwang'Andu,Muchiga,2025,44.0,40.0,32.0,96.0,94.0,53.0,9.0,5.0,51.0,67.0,79.0,14.000000000000002,61.0,74.0,9.0,36.0,92.0,22.0,61.2,42.38,46.6,Muchinga,Shiwang'Andu,,,,,,,,,,no_osr_for_year,
Siavonga,Southern,2025,99.0,77.0,84.0,99.0,98.0,53.0,5.0,0.0,51.0,23.0,41.0,92.0,33.0,47.0,79.0,32.0,92.0,49.0,91.4,37.25,59.8,Southern,Siavonga,,,,,,,,,,no_osr_for_year,
Sikongo,Western,2025,44.0,7.000000000000001,84.0,97.0,96.0,53.0,4.0,1.0,51.0,72.0,44.0,78.0,68.0,79.0,21.0,90.0,45.0,72.0,65.6,46.38,61.4,Western,Sikongo,,,,,,,,,,no_osr_for_year,
Sinazongwe,Southern,2025,44.0,31.0,32.0,98.0,94.0,53.0,13.0,3.0,51.0,32.0,34.0,16.0,30.0,37.0,67.0,44.0,45.0,64.0,59.8,29.0,51.4,Southern,Sinazongwe,,,,,,,,,,no_osr_for_year,
Sinda,Eastern,2025,44.0,50.0,32.0,95.0,95.0,53.0,7.000000000000001,59.0,51.0,61.0,92.0,100.0,67.0,5.0,34.0,54.0,45.0,91.0,63.2,61.25,45.8,Eastern,Sinda,,,,,,,,,,no_osr_for_year,
Sioma,Western,2025,44.0,7.000000000000001,32.0,97.0,97.0,53.0,4.0,1.0,51.0,73.0,41.0,95.0,69.0,79.0,43.0,73.0,45.0,79.0,55.4,48.38,63.8,Western,Sioma,,,,,,,,,,no_osr_for_year,
Solwezi,North-Western,2025,99.0,91.0,84.0,85.0,90.0,53.0,15.0,12.0,51.0,21.0,57.99999999999999,79.0,27.0,24.0,91.0,88.0,99.0,11.0,89.8,39.5,62.6,North-Western,Solwezi,,,,,,,,,,no_osr_for_year,
Vubwi,Eastern,2025,44.0,7.000000000000001,32.0,98.0,100.0,53.0,17.0,59.0,51.0,55.00000000000001,80.0,91.0,71.0,12.0,8.0,22.0,45.0,45.0,56.2,59.62,26.4,Eastern,Vubwi,,,,,,,,,,no_osr_for_year,
Zambezi,North-Western,2025,94.0,40.0,84.0,91.0,89.0,53.0,4.0,2.0,51.0,72.0,44.0,42.0,62.0,80.0,11.0,35.0,92.0,52.0,79.6,41.25,54.0,North-Western,Zambezi,,,,,,,,,,no_osr_for_year,
Zimba,Southern,2025,44.0,92.0,32.0,96.0,88.0,2.0,3.0,59.0,51.0,52.0,34.0,27.0,47.0,55.00000000000001,54.0,44.0,45.0,73.0,70.4,34.38,54.2,Southern,Zimba,,,,,,,,,,no_osr_for_year,
